JURISDICTION,YEAR,"OVERALL CRIME RATE PER 100,000 PEOPLE","OVERALL PERCENT CHANGE PER 100,000 PEOPLE","VIOLENT CRIME RATE PER 100,000 PEOPLE","VIOLENT CRIME RATE PERCENT CHANGE PER 100,000 PEOPLE","PROPERTY CRIME RATE PER 100,000 PEOPLE","PROPERTY CRIME RATE PERCENT CHANGE PER 100,000 PEOPLE","MURDER PER 100,000 PEOPLE","RAPE PER 100,000 PEOPLE","ROBBERY PER 100,000 PEOPLE","AGG. ASSAULT PER 100,000 PEOPLE","B & E PER 100,000 PEOPLE","LARCENY THEFT PER 100,000 PEOPLE","M/V THEFT PER 100,000 PEOPLE","MURDER  RATE PERCENT CHANGE PER 100,000 PEOPLE","RAPE RATE PERCENT CHANGE PER 100,000 PEOPLE","ROBBERY RATE PERCENT CHANGE PER 100,000 PEOPLE","AGG. ASSAULT  RATE PERCENT CHANGE PER 100,000 PEOPLE","B & E RATE PERCENT CHANGE PER 100,000 PEOPLE","LARCENY THEFT  RATE PERCENT CHANGE PER 100,000 PEOPLE","M/V THEFT  RATE PERCENT CHANGE PER 100,000 PEOPLE"
Alabama,2006,4361.3,,425.2,,3936.1,,8.3,35.9,153.5,227.6,969.1,2644.3,322.7,,,,,,,
Alabama,2007,4419.5,1.3,448,5.3,3971.6,0.9,8.9,33.4,159.9,245.8,979.5,2684.6,307.5,7.2,-6.9,4.1,8,1.1,1.5,-4.7
Alabama,2008,4535.8,2.6,452.8,1.1,4082.9,2.8,7.6,34.7,157.6,253,1081.3,2713,288.7,-14.9,3.9,-1.4,2.9,10.4,1.1,-6.1
Alabama,2009,4222.1,-6.9,449.8,-0.7,3772.4,-7.6,6.9,31.9,132.9,278.1,1037.2,2499.9,235.3,-9.4,-7.9,-15.6,9.9,-4.1,-7.9,-18.5
Alabama,2010,3894.5,-7.8,377.8,-16,3516.8,-6.8,5.7,28.2,99.6,244.2,879.4,2415.6,221.8,-16.7,-11.6,-25.1,-12.2,-15.2,-3.4,-5.8
Alabama,2011,4026.1,3.4,420.1,11.2,3606.1,2.5,6.3,28.5,102.2,283,1064.3,2319.7,222,9.7,1.1,2.6,15.9,21,-4,0.1
Alabama,2012,3952.1,-1.8,449.9,7.1,3502.2,-2.9,7.1,26.9,104.1,311.8,984.7,2312.8,204.8,13.2,-5.8,1.8,10.2,-7.5,-0.3,-7.8
Alabama,2013,3769.4,-4.6,418.1,-7.1,3351.3,-4.3,7.2,29.5,96.2,285.2,877.8,2254.8,218.7,1.2,9.9,-7.6,-8.5,-10.9,-2.5,6.8
Alabama,2014,3593.3,-4.7,415.7,-0.6,3177.6,-5.2,5.7,29.6,96.9,283.4,819,2149.5,209.1,-20.7,0.2,0.8,-0.6,-6.7,-4.7,-4.4
Alabama,2015,3439.3,-4.3,460.4,10.7,2978.9,-6.3,7.2,30,94.9,328.3,725.6,2040.7,212.7,25.8,1.2,-2.1,15.8,-11.4,-5.1,1.7
Alabama,2016,3469.2,0.9,521.4,13.2,2947.8,-1,8.4,28.5,96.4,388.2,700.5,2006.3,241.1,16.9,-5,1.5,18.2,-3.5,-1.7,13.3
Alabama,2017,3481.4,0.4,524.2,0.5,2957.3,0.3,8.3,41.6,86.5,387.8,645.7,2048.1,263.4,-1,46.1,-10.2,-0.1,-7.8,2.1,9.3
Alabama,2018,3336.8,-4.2,519.6,-0.9,2817.2,-4.7,7.8,40.8,83.4,387.6,590.1,1958.9,268.3,-5.5,-1.8,-3.6,0,-8.6,-4.4,1.8
Alabama,2019,3185.3,-4.5,510.8,-1.7,2674.4,-5.1,7.3,42.2,80.4,381,531.9,1886.1,256.5,-6.8,3.3,-3.6,-1.7,-9.9,-3.7,-4.4
Alaska,2006,4292.9,,688,,3604.9,,5.4,76,90.3,516.4,617.3,2610.2,377.4,,,,,,,
Alaska,2007,4040.7,-5.9,661.2,-3.9,3379.5,-6.3,6.4,77.4,85.3,492,538.7,2487,353.8,19.8,1.9,-5.5,-4.7,-12.7,-4.7,-6.3
Alaska,2008,3584.2,-11.3,651.9,-1.4,2932.3,-13.2,4.1,64.3,94,489.6,472.1,2221.5,238.7,-36.6,-17,10.2,-0.5,-12.4,-10.7,-32.5
Alaska,2009,3579,-0.1,633,-2.9,2946,0.5,3.1,73.3,93.8,462.7,515,2189.2,241.8,-22.8,14.1,-0.2,-5.5,9.1,-1.5,1.3
Alaska,2010,3491.3,-2.5,638.8,0.9,2852.5,-3.2,4.4,75,83.6,475.8,437.2,2187.3,228,38.6,2.4,-10.8,2.8,-15.1,-0.1,-5.7
Alaska,2011,3239.3,-7.2,606.5,-5.1,2632.8,-7.7,4,58.1,79.7,464.6,391,2056,185.8,-8.1,-22.6,-4.7,-2.3,-10.6,-6,-18.5
Alaska,2012,3342.5,3.2,603.2,-0.5,2739.4,4,4.1,79.7,86.1,433.2,403.3,2128,208.1,2.2,37.2,8.1,-6.8,3.1,3.5,12
Alaska,2013,3487.8,4.3,602.6,-0.1,2885.2,5.3,4.6,87.6,84.9,425.5,396.7,2258,230.6,12.8,9.9,-1.4,-1.8,-1.6,6.1,10.8
Alaska,2014,3366.5,-3.5,606.5,0.6,2760,-4.3,5.6,75.3,85.4,440.2,427.6,2096.4,236,20.3,-14,0.6,3.5,7.8,-7.2,2.4
Alaska,2015,3513.8,4.4,696.2,14.8,2817.6,2.1,8,88,103.1,497.1,475.5,2065.1,277.1,43.6,16.8,20.7,12.9,11.2,-1.5,17.4
Alaska,2016,4117.3,17.2,764.3,9.8,3353,19,7,102,114.6,540.6,546.3,2394.7,412.1,-12.3,15.9,11.2,8.8,14.9,16,48.7
Alaska,2017,4371.1,6.2,829,8.5,3542.1,5.6,8.4,116.7,128.5,575.4,563.8,2402.7,575.6,19.6,14.3,12.2,6.4,3.2,0.3,39.7
Alaska,2018,4185.4,-4.2,885,6.7,3300.5,-6.8,6.4,161.6,121.5,595.4,539.6,2219,541.9,-24,38.6,-5.5,3.5,-4.3,-7.6,-5.9
Alaska,2019,3777.9,-9.7,867.1,-2,2910.8,-11.8,9.4,148.7,112.9,596,487.1,2066,357.7,48,-8,-7.1,0.1,-9.7,-6.9,-34
Arizona,2006,5129.3,,501.4,,4627.9,,7.5,31.5,149.6,312.7,925.3,2813.1,889.5,,,,,,,
Arizona,2007,4896.8,-4.5,482.7,-3.7,4414,-4.6,7.4,29.3,151.7,294.3,912.2,2738.4,763.4,-2.1,-7,1.4,-5.9,-1.4,-2.7,-14.2
Arizona,2008,4738,-3.2,447,-7.4,4291,-2.8,6.3,25.7,149.2,265.9,868.9,2849.5,572.6,-15.2,-12.1,-1.7,-9.7,-4.7,4.1,-25
Arizona,2009,3964.8,-16.3,408.3,-8.7,3556.5,-17.1,5.4,32,122.8,248.1,809.8,2352.8,394,-14.3,24.3,-17.7,-6.7,-6.8,-17.4,-31.2
Arizona,2010,3942.1,-0.6,408.1,0,3534,-0.6,6.4,33.9,108.5,259.3,794.3,2403.2,336.5,19.2,5.9,-11.6,4.5,-1.9,2.1,-14.6
Arizona,2011,3960.4,0.5,405.9,-0.5,3554.5,0.6,6.2,34.9,109.9,254.8,847.3,2401.3,305.9,-2.4,3.1,1.3,-1.7,6.7,-0.1,-9.1
Arizona,2012,3968.1,0.2,428.9,5.7,3539.2,-0.4,5.5,34.7,112.7,276,807.8,2439.1,292.3,-12.6,-0.5,2.5,8.3,-4.7,1.6,-4.4
Arizona,2013,3804.9,-4.1,405.8,-5.4,3399.1,-4,5.4,35.4,101.1,263.9,732.4,2403.5,263.2,-1.4,1.8,-10.3,-4.4,-9.3,-1.5,-10
Arizona,2014,3583.8,-5.8,386.3,-4.8,3197.5,-5.9,4.7,36.6,92.8,252.1,647.1,2289.1,261.3,-12,3.5,-8.2,-4.5,-11.6,-4.8,-0.7
Arizona,2015,3431.5,-4.2,398.3,3.1,3033.2,-5.1,4.5,33.6,93.1,267.1,555.9,2231.5,245.8,-4.5,-8.2,0.3,5.9,-14.1,-2.5,-5.9
Arizona,2016,3436.4,0.1,458,15,2978.4,-1.8,5.5,35.4,101.8,315.4,544.4,2168.1,265.8,21.1,5.3,9.3,18.1,-2.1,-2.8,8.1
Arizona,2017,3422.9,-0.4,508,10.9,2914.9,-2.1,5.9,51,106,345,536.3,2107,271.6,8.1,44.3,4.2,9.4,-1.5,-2.8,2.2
Arizona,2018,3151.7,-7.9,474.9,-6.5,2676.8,-8.2,5.1,50.7,91,328.1,439.7,1970.3,266.9,-13.2,-0.6,-14.2,-4.9,-18,-6.5,-1.8
Arizona,2019,2895.8,-8.1,455.3,-4.1,2440.5,-8.8,5,50.3,88.1,311.9,394.3,1796.9,249.4,-2.5,-0.8,-3.2,-4.9,-10.3,-8.8,-6.6
Arkansas,2006,4519.1,,551.6,,3967.5,,7.3,46.5,98.4,399.4,1139.9,2562.1,265.5,,,,,,,
Arkansas,2007,4482.4,-0.8,529.4,-4,3953.1,-0.4,6.7,44.7,106.7,371.2,1131.4,2574.4,247.3,-7.6,-3.9,8.4,-7.1,-0.8,0.5,-6.9
Arkansas,2008,4338.5,-3.2,503.4,-4.9,3835.1,-3,5.7,48.9,95.8,353.1,1180,2427.1,228,-15.8,9.2,-10.2,-4.9,4.3,-5.7,-7.8
Arkansas,2009,4291.4,-1.1,517.7,2.8,3773.7,-1.6,6.2,47.3,89.4,374.8,1203.1,2359.3,211.2,9.2,-3.1,-6.7,6.2,2,-2.8,-7.4
Arkansas,2010,4064.2,-5.3,505.3,-2.4,3558.9,-5.7,4.7,45,81.3,374.3,1114.9,2253.8,190.1,-23.6,-5,-9,-0.1,-7.3,-4.5,-10
Arkansas,2011,4235,4.2,480.9,-4.8,3754.1,5.5,5.5,41.3,82.6,351.5,1173.3,2383,197.8,16.5,-8.2,1.6,-6.1,5.2,5.7,4
Arkansas,2012,4129.2,-2.5,469.1,-2.5,3660.1,-2.5,5.9,42.3,78.7,342.3,1081.3,2384.7,194.1,6.4,2.4,-4.8,-2.6,-7.8,0.1,-1.9
Arkansas,2013,4048.3,-2,445.7,-5,3602.6,-1.6,5.4,33.6,76.3,330.5,1030.1,2380.6,191.9,-8.4,-20.6,-3,-3.4,-4.7,-0.2,-1.1
Arkansas,2014,3798.6,-6.2,460.6,3.3,3338,-7.3,5.6,39.8,69.1,346,835.7,2313.5,188.8,3.5,18.8,-9.4,4.7,-18.9,-2.8,-1.6
Arkansas,2015,3751.6,-1.2,500.1,8.6,3251.5,-2.6,6.1,43.7,70.4,380,760.2,2297.5,193.8,9.3,9.5,1.9,9.8,-9,-0.7,2.6
Arkansas,2016,3799.4,1.3,530.8,6.1,3268.6,0.5,7.2,51.7,70.9,401,795.5,2233.6,239.4,18.9,18.4,0.7,5.5,4.6,-2.8,23.5
Arkansas,2017,3633.5,-4.4,554.9,4.5,3078.6,-5.8,8.6,68.3,64.4,413.6,727.7,2109.5,241.4,18.8,32.2,-9.2,3.1,-8.5,-5.6,0.8
Arkansas,2018,3456.6,-4.9,543.6,-2,2913,-5.4,7.2,72.9,52.9,410.7,636.8,2040.2,236,-16.5,6.6,-17.9,-0.7,-12.5,-3.3,-2.2
Arkansas,2019,3442.7,-0.4,584.6,7.5,2858,-1.9,8,77.2,51.6,447.8,599.6,2012.6,245.9,11.9,6,-2.4,9,-5.8,-1.4,4.2
California,2006,3703.3,,532.5,,3170.9,,6.8,25.3,194.7,305.7,676,1829.1,665.7,,,,,,,
California,2007,3555.6,-4,522.6,-1.9,3033,-4.3,6.2,24.7,193,298.8,648.4,1784.4,600.2,-9.3,-2.4,-0.9,-2.3,-4.1,-2.4,-9.8
California,2008,3444.1,-3.1,503.8,-3.6,2940.3,-3.1,5.8,24.2,188.8,285,647.1,1769.4,523.8,-5.7,-1.8,-2.2,-4.6,-0.2,-0.8,-12.7
California,2009,3203.5,-7,472,-6.3,2731.5,-7.1,5.3,23.6,173.4,269.7,622.6,1665.1,443.8,-8.4,-2.7,-8.1,-5.4,-3.8,-5.9,-15.3
California,2010,3076.4,-4,440.6,-6.7,2635.8,-3.5,4.9,22.4,156,257.4,614.3,1612.1,409.4,-9,-5.1,-10,-4.6,-1.3,-3.2,-7.7
California,2011,2994.9,-2.6,411.1,-6.7,2583.8,-2,4.8,20.3,144,242,610.4,1583.8,389.6,-2.1,-9.1,-7.7,-6,-0.6,-1.8,-4.8
California,2012,3181.8,6.2,423.1,2.9,2758.7,6.8,5,20.6,148.6,248.9,646.1,1669.5,443.2,4.2,1.3,3.1,2.9,5.8,5.4,13.8
California,2013,3054.3,-4,396.2,-6.3,2658.1,-3.6,4.6,19.5,139.9,232.3,605.4,1621.5,431.2,-8,-5.5,-5.8,-6.7,-6.3,-2.9,-2.7
California,2014,2829.1,-7.4,388.1,-2.1,2441.1,-8.2,4.4,21.6,125.5,236.6,522.3,1527.4,391.3,-3.9,11.2,-10.3,1.9,-13.7,-5.8,-9.2
California,2015,3035.8,7.3,417.6,7.6,2618.3,7.3,4.8,24,135,253.8,504.3,1677.1,436.8,8.6,10.8,7.6,7.3,-3.5,9.8,11.6
California,2016,2989.3,-1.5,436.3,4.5,2553,-2.5,4.9,25.9,139.6,265.9,479.8,1623,450.3,3.4,7.8,3.4,4.8,-4.9,-3.2,3.1
California,2017,2946,-1.5,449.3,3,2496.7,-2.2,4.6,37.2,143.2,264.2,446.9,1623.9,425.9,-5.9,44,2.6,-0.6,-6.8,0.1,-5.4
California,2018,2827.8,-4,447.4,-0.4,2380.4,-4.7,4.4,39.2,137.3,266.5,416.2,1571.8,392.4,-5,5.3,-4.1,0.9,-6.9,-3.2,-7.9
California,2019,2772.4,-2,441.2,-1.4,2331.2,-2.1,4.3,37.5,132.4,267.1,386.1,1586.3,358.8,-2.7,-4.4,-3.6,0.2,-7.2,0.9,-8.6
Colorado,2006,3843,,391.6,,3451.3,,3.3,43.7,80.7,264,682.1,2331.8,437.5,,,,,,,
Colorado,2007,3353.8,-12.7,347.8,-11.2,3006.1,-12.9,3.1,41.1,71,232.5,591.4,2069.3,345.4,-5.3,-5.9,-12,-11.9,-13.3,-11.3,-21
Colorado,2008,3192.1,-4.8,343.1,-1.3,2849,-5.2,3.2,42.5,68.1,229.3,572,2003.3,273.7,1,3.3,-4.1,-1.4,-3.3,-3.2,-20.8
Colorado,2009,3004,-5.9,337.8,-1.5,2666.2,-6.4,3.5,44.6,67.4,222.3,530.4,1887.9,247.9,9.6,5,-1.1,-3,-7.3,-5.8,-9.4
Colorado,2010,3005,0,320.8,-5,2684.2,0.7,2.4,43.7,62.3,212.4,520,1940.5,223.6,-31.5,-2,-7.6,-4.5,-1.9,2.8,-9.8
Colorado,2011,2926.5,-2.6,320.2,-0.2,2606.3,-2.9,2.9,44.5,64.6,208.1,503.6,1886.8,215.9,22,1.9,3.7,-2,-3.2,-2.8,-3.5
Colorado,2012,2993.6,2.3,308.9,-3.5,2684.7,3,3.1,40.7,65.4,199.6,504.2,1947.4,233.1,7.2,-8.5,1.3,-4.1,0.1,3.2,8
Colorado,2013,2949.7,-1.5,291.2,-5.7,2658.5,-1,3.4,38.9,59.8,189.1,476.1,1944.5,237.9,8.2,-4.5,-8.6,-5.2,-5.6,-0.1,2.1
Colorado,2014,2822.1,-4.3,291.9,0.3,2530.1,-4.8,2.8,39.6,56.7,192.8,438.2,1857.1,234.8,-16.6,1.8,-5.1,1.9,-7.9,-4.5,-1.3
Colorado,2015,2946.4,4.4,304.9,4.4,2641.5,4.4,3.2,43.6,60.9,197.2,429.8,1918.5,293.2,14.4,10,7.3,2.3,-1.9,3.3,24.9
Colorado,2016,3066.4,4.1,325.7,6.8,2740.7,3.8,3.7,47.3,63.7,211.1,431.4,1955.3,354,14.2,8.5,4.6,7.1,0.4,1.9,20.7
Colorado,2017,3069.7,0.1,368.1,13,2701.6,-1.4,3.9,68.8,68.4,226.9,406.9,1904.9,389.9,7,45.6,7.5,7.5,-5.7,-2.6,10.1
Colorado,2018,3068.8,0,397.2,7.9,2671.6,-1.1,3.7,71.5,66.7,255.4,375.2,1915.9,380.5,-6.5,3.9,-2.6,12.6,-7.8,0.6,-2.4
Colorado,2019,2971.6,-3.2,381,-4.1,2590.7,-3,3.8,67.2,63.6,246.3,348.4,1858.3,384,2.7,-5.9,-4.6,-3.6,-7.1,-3,0.9
Connecticut,2006,2784.9,,280.8,,2504.1,,3.1,18.1,121,138.6,419.3,1788.4,296.4,,,,,,,
Connecticut,2007,2655.9,-4.6,256,-8.8,2399.9,-4.2,3,18.8,103,131.2,432.9,1705.2,261.7,-1.8,3.5,-14.9,-5.3,3.3,-4.6,-11.7
Connecticut,2008,2756.6,3.8,297.8,16.3,2458.7,2.5,3.5,19.3,111.6,163.5,428.7,1774,256,16.1,2.5,8.3,24.6,-1,4,-2.2
Connecticut,2009,2634.5,-4.4,298.7,0.3,2335.8,-5,3,18.5,113.4,163.7,428.4,1694.9,212.5,-13.4,-3.9,1.6,0.2,-0.1,-4.5,-17
Connecticut,2010,2474.6,-6.1,281.4,-5.8,2193.2,-6.1,3.6,16.3,99.4,162,424.5,1581,187.7,19.6,-11.8,-12.3,-1,-0.9,-6.7,-11.7
Connecticut,2011,2440.2,-1.4,272.8,-3.1,2167.4,-1.2,3.6,19.2,102.7,147.3,437.9,1542.1,187.4,-1.7,17.4,3.3,-9.1,3.2,-2.5,-0.1
Connecticut,2012,2423,-0.7,283,3.7,2140,-1.3,4.1,25.6,102.7,150.6,409.7,1550.7,179.6,13.8,33.6,0,2.2,-6.4,0.6,-4.2
Connecticut,2013,2228.6,-8,254.5,-10.1,1974.1,-7.8,2.4,18.6,98.2,135.4,358.5,1442.6,173,-41.2,-27.4,-4.4,-10.1,-12.5,-7,-3.7
Connecticut,2014,2151.5,-3.5,231.1,-9.2,1920.4,-2.7,2.4,15.9,87.8,125,332.4,1418.1,169.9,0,-14.5,-10.5,-7.7,-7.3,-1.7,-1.8
Connecticut,2015,2025.1,-5.9,213.2,-7.8,1812,-5.6,3.3,16.2,80.5,113.1,280,1355.5,176.5,36.3,2.1,-8.3,-9.5,-15.8,-4.4,3.9
Connecticut,2016,2029.5,0.2,221.5,3.9,1808,-0.2,2.2,15.7,75.6,128,280.9,1328.5,198.7,-33.1,-3.2,-6.2,13.2,0.3,-2,12.6
Connecticut,2017,1997.9,-1.6,228,2.9,1769.9,-2.1,2.8,23.3,78.4,123.4,247.8,1318.5,203.7,30.3,48.7,3.7,-3.6,-11.8,-0.8,2.5
Connecticut,2018,1888.4,-5.5,207.4,-9,1681,-5,2.3,23.5,61.4,120.2,222.5,1251.8,206.7,-18.3,0.8,-21.7,-2.6,-10.2,-5.1,1.5
Connecticut,2019,1610.2,-14.7,183.6,-11.5,1426.6,-15.1,2.9,21.6,54.1,105,180.7,1078.7,167.3,25.6,-8,-11.9,-12.7,-18.8,-13.8,-19.1
Delaware,2006,4099.5,,681.6,,3417.9,,4.9,46.9,203.3,426.5,725.2,2362.8,329.9,,,,,,,
Delaware,2007,4059.3,-1,689.2,1.1,3370.1,-1.4,4.3,38.9,197.3,448.8,733.3,2369,267.8,-13.1,-17.1,-3,5.2,1.1,0.3,-18.8
Delaware,2008,4288.7,5.7,703.4,2.1,3585.3,6.4,6.5,41.9,210.5,444.4,774.3,2520,291,52.6,7.9,6.7,-1,5.6,6.4,8.7
Delaware,2009,3986.2,-7.1,636.6,-9.5,3349.6,-6.6,4.6,38.2,188.8,405,783.2,2351,215.5,-29,-8.9,-10.3,-8.9,1.2,-6.7,-26
Delaware,2010,4069.1,2.1,620.9,-2.5,3448.2,2.9,5.3,34.7,203.7,377.1,836.9,2396.5,214.8,15.4,-9,7.9,-6.9,6.9,1.9,-0.3
Delaware,2011,3970.1,-2.4,559.5,-9.9,3410.6,-1.1,4.5,31.9,169.5,353.5,830.2,2411.8,168.7,-15.4,-8.3,-16.8,-6.2,-0.8,0.6,-21.5
Delaware,2012,3888.3,-2.1,547.4,-2.2,3340.9,-2,6.2,26.5,162.7,352,803.7,2380.6,156.6,37.5,-16.8,-4,-0.4,-3.2,-1.3,-7.2
Delaware,2013,3544.6,-8.8,479.1,-12.5,3065.5,-8.2,4.2,28.7,132.4,313.7,662.3,2259.4,143.9,-32.2,8.4,-18.6,-10.9,-17.6,-5.1,-8.1
Delaware,2014,3456.4,-2.5,474.4,-1,2982,-2.7,5.8,26.6,135.6,306.4,616.5,2230.1,135.4,37,-7.4,2.4,-2.3,-6.9,-1.3,-5.9
Delaware,2015,3179.6,-8,488.6,3,2691,-9.8,6.7,25.7,130.6,325.7,504.6,2061.6,124.9,15.4,-3.5,-3.7,6.3,-18.2,-7.6,-7.8
Delaware,2016,3265.6,2.7,499.7,2.3,2766,2.8,5.9,23.2,142.7,327.8,527.6,2078.7,159.7,-11.7,-9.6,9.3,0.6,4.6,0.8,27.9
Delaware,2017,2893.9,-11.4,453.4,-9.3,2440.6,-11.8,5.6,34.7,112.5,300.5,412.7,1885.6,142.3,-4.6,49.6,-21.2,-8.3,-21.8,-9.3,-10.9
Delaware,2018,2748,-5,423.6,-6.6,2324.4,-4.8,5,34.9,89.5,294.2,326.5,1845.3,152.6,-11.6,0.7,-20.4,-2.1,-20.9,-2.1,7.2
Delaware,2019,2674.8,-2.7,422.6,-0.2,2252.2,-3.1,4.9,31.8,81.1,304.7,304.8,1782.7,164.7,-0.7,-8.9,-9.4,3.6,-6.7,-3.4,7.9
Florida,2006,4698.1,,712,,3986.1,,6.2,35.8,188.8,481.2,944.6,2619,422.5,,,,,,,
Florida,2007,4811.9,2.4,722.6,1.5,4089.3,2.6,6.6,33.7,209.1,473.2,996.3,2689.4,403.6,5.4,-5.8,10.8,-1.7,5.5,2.7,-4.5
Florida,2008,4829.7,0.4,688.9,-4.7,4140.8,1.3,6.4,32.6,197.9,452,1028.3,2766,346.5,-3.2,-3.3,-5.3,-4.5,3.2,2.8,-14.1
Florida,2009,4453.3,-7.8,612.5,-11.1,3840.8,-7.2,5.5,29.7,166.7,410.6,981.1,2588.6,271.1,-13.9,-8.9,-15.7,-9.2,-4.6,-6.4,-21.8
Florida,2010,4100.8,-7.9,542.4,-11.4,3558.4,-7.4,5.2,28.6,138.7,369.8,899.5,2438.4,220.5,-4.3,-3.7,-16.8,-9.9,-8.3,-5.8,-18.7
Florida,2011,4037.2,-1.5,515.3,-5,3522,-1,5.2,27.7,134.4,348,892.9,2421.1,207.9,-1.6,-3.2,-3.1,-5.9,-0.7,-0.7,-5.7
Florida,2012,3763.8,-6.8,487.1,-5.5,3276.7,-7,5.2,27.2,123.7,330.9,794.9,2288.6,193.2,1.2,-1.6,-8,-4.9,-11,-5.5,-7.1
Florida,2013,3565.3,-5.3,460,-5.5,3105.3,-5.2,5,24.1,118.7,312.3,710.5,2216.3,178.6,-4.8,-11.3,-4.1,-5.6,-10.6,-3.2,-7.6
Florida,2014,3943.3,10.6,527.9,14.7,3415.5,10,5.8,30.4,125.2,366.4,719.9,2481.5,214,16.2,26,5.6,17.4,1.3,12,19.9
Florida,2015,3264.6,-17.2,451.4,-14.5,2813.2,-17.6,5.1,26.8,104.3,315.2,539,2073.6,200.6,-11.1,-11.9,-16.7,-14,-25.1,-16.4,-6.3
Florida,2016,3107.1,-4.8,420.3,-6.9,2686.8,-4.5,5.4,26.8,97.9,290.2,486.7,1990.8,209.3,5,0.1,-6.1,-7.9,-9.7,-4,4.3
Florida,2017,2920.5,-6,408,-2.9,2512.4,-6.5,5,37.8,88.6,276.5,423.4,1884.5,204.5,-6.5,41.1,-9.5,-4.7,-13,-5.3,-2.3
Florida,2018,2666.7,-8.7,384.9,-5.7,2281.8,-9.2,5.2,39.6,79.3,260.8,337.7,1750.8,193.3,3.2,4.7,-10.6,-5.7,-20.2,-7.1,-5.5
Florida,2019,2524.1,-5.3,378.4,-1.7,2145.7,-6,5.2,39.4,75.5,258.3,295.2,1668.7,181.8,0.5,-0.6,-4.7,-1,-12.6,-4.7,-5.9
Georgia,2006,4360.2,,471,,3889.2,,6.4,23.2,165.6,275.8,909,2519.3,460.9,,,,,,,
Georgia,2007,4394.2,0.8,493.2,4.7,3901,0.3,7.5,22.8,181.7,281.2,950.2,2504.6,446.3,17.4,-1.7,9.7,2,4.5,-0.6,-3.2
Georgia,2008,4494.4,2.3,478.9,-2.9,4015.5,2.9,6.6,22.7,179.2,270.5,1038.9,2567.5,409.1,-12.7,-0.7,-1.4,-3.8,9.3,2.5,-8.3
Georgia,2009,4092.7,-8.9,426.1,-11,3666.6,-8.7,5.8,23.4,148.6,248.3,1000.7,2328.7,337.2,-12.3,3.3,-17.1,-8.2,-3.7,-9.3,-17.6
Georgia,2010,4043.8,-1.2,403.3,-5.3,3640.5,-0.7,5.8,21.6,127.7,248.2,998.4,2329.3,312.8,0,-7.7,-14,0,-0.2,0,-7.2
Georgia,2011,3999.8,-1.1,373.2,-7.5,3626.5,-0.4,5.6,20.9,123.8,222.9,974.6,2351.7,300.3,-2,-3.2,-3.1,-10.2,-2.4,1,-4
Georgia,2012,3789.5,-5.3,378.9,1.5,3410.6,-6,5.9,21.4,125.6,226,874.9,2248,287.7,3.8,2.4,1.5,1.4,-10.2,-4.4,-4.2
Georgia,2013,3706.3,-2.2,359.7,-5.1,3346.6,-1.9,5.6,19.9,125,209.3,823.2,2254.9,268.5,-5,-7.3,-0.5,-7.4,-5.9,0.3,-6.7
Georgia,2014,3649.7,-1.5,368.5,2.4,3281.2,-2,5.7,21.4,123,218.4,756.9,2258.4,266,3.2,7.7,-1.6,4.3,-8.1,0.2,-0.9
Georgia,2015,3391.5,-7.1,369.2,0.2,3022.3,-7.9,6,22.5,119.9,220.8,649.8,2113.3,259.2,4.8,5.1,-2.5,1.1,-14.2,-6.4,-2.5
Georgia,2016,3392.5,0,388,5.1,3004.5,-0.6,6.6,24.5,118.4,238.5,614.4,2130.1,259.9,9.7,9.1,-1.3,8,-5.4,0.8,0.3
Georgia,2017,3217.4,-5.2,357.2,-7.9,2860.2,-4.8,6.7,26.1,96.3,228.1,530.9,2077.4,251.8,2.1,6.3,-18.6,-4.4,-13.6,-2.5,-3.1
Georgia,2018,2900.3,-9.9,326.6,-8.6,2573.7,-10,6.1,25.2,78.7,216.6,431.3,1907,235.4,-9.5,-3.3,-18.3,-5.1,-18.8,-8.2,-6.5
Georgia,2019,2716.5,-6.3,340.7,4.3,2375.8,-7.7,6.2,27.5,75,232,372.1,1779.8,223.9,0.9,9.2,-4.7,7.1,-13.7,-6.7,-4.9
Hawaii,2006,4511.6,,281.2,,4230.4,,1.6,27.6,88.9,163,677.5,2949.1,603.9,,,,,,,
Hawaii,2007,4498.2,-0.3,272.8,-3,4225.4,-0.1,1.7,25.4,86.1,159.6,708.8,2993.3,523.2,4.9,-8,-3.2,-2.1,4.6,1.5,-13.4
Hawaii,2008,3843.8,-14.5,272.6,-0.1,3571.2,-15.5,1.9,28.3,84.3,158.1,728.1,2444.7,398.5,13.2,11.5,-2.1,-1,2.7,-18.3,-23.8
Hawaii,2009,3936,2.4,274.8,0.8,3661.2,2.5,1.7,30.3,79.8,163,708.6,2580.5,372.1,-12.5,6.8,-5.3,3.1,-2.7,5.6,-6.6
Hawaii,2010,3576.9,-9.1,262.7,-4.4,3314.2,-9.5,1.8,26.8,77.5,156.7,636.8,2302.4,374.9,3.9,-11.3,-2.9,-3.9,-10.1,-10.8,0.8
Hawaii,2011,3625.1,1.3,287.2,9.3,3337.8,0.7,1.2,31.6,75.8,178.6,728,2305.6,304.3,-29.9,17.6,-2.2,14,14.3,0.1,-18.8
Hawaii,2012,3314.4,-8.6,239.2,-16.7,3075.2,-7.9,2.1,20.5,74.7,141.9,573.1,2243.2,258.9,68.4,-35.2,-1.4,-20.6,-21.3,-2.7,-14.9
Hawaii,2013,3298.9,-0.5,245.3,2.6,3053.7,-0.7,1.5,21.1,80.6,142.2,536.5,2254.8,262.4,-28.2,3,7.8,0.2,-6.4,0.5,1.3
Hawaii,2014,3300,0,250,1.9,3050,-0.1,1.8,22.1,78,148.1,547.9,2228.9,273.3,22.5,4.9,-3.2,4.2,2.1,-1.1,4.1
Hawaii,2015,4078.4,23.6,282.2,12.9,3796.2,24.5,1.3,27.9,84,168.9,458,2934.5,403.7,-27.5,26.3,7.8,14.1,-16.4,31.7,47.7
Hawaii,2016,3289.9,-19.3,297.2,5.3,2992.7,-21.2,2.5,31.3,69.6,193.8,421.2,2175.8,395.8,84.6,12,-17.2,14.8,-8,-25.9,-2
Hawaii,2017,3080.1,-6.4,250.6,-15.7,2829.5,-5.5,2.7,39.7,75.4,132.7,388.7,2071.7,369.1,11.5,26.9,8.4,-31.6,-7.7,-4.8,-6.7
Hawaii,2018,3118.9,1.3,248.6,-0.8,2870.3,1.4,2.5,44,66.6,135.5,396.4,2076.2,397.7,-7.2,10.8,-11.7,2.1,2,0.2,7.7
Hawaii,2019,3126.7,0.2,285.5,14.8,2841.2,-1,3.4,54,79.9,148.2,377.2,2093,371.1,33.8,22.8,19.9,9.3,-4.9,0.8,-6.7
Idaho,2006,2666,,247.2,,2418.8,,2.5,40,20.5,184.2,513.2,1740,165.6,,,,,,,
Idaho,2007,2485.9,-6.8,239.4,-3.2,2246.6,-7.1,3.3,38.5,15.5,182,465.3,1632.8,148.5,33.1,-3.7,-24.3,-1.2,-9.3,-6.2,-10.4
Idaho,2008,2329.8,-6.3,228.6,-4.5,2101.2,-6.5,1.5,36.2,15.8,175.1,439.8,1552,109.5,-53.8,-6.2,1.8,-3.8,-5.5,-4.9,-26.3
Idaho,2009,2217,-4.8,228.4,-0.1,1988.7,-5.4,1.4,35.7,15.8,175.4,424.2,1471.1,93.3,-5.7,-1.2,0.2,0.2,-3.5,-5.2,-14.8
Idaho,2010,2216.9,0,221,-3.2,1995.8,0.4,1.3,33.5,13.7,172.6,414.8,1496.7,84.3,-5.9,-6.2,-13.9,-1.6,-2.2,1.7,-9.6
Idaho,2011,2269.5,2.4,200.9,-9.1,2068.6,3.6,2.3,27.4,11.6,159.6,436.6,1547.9,84.1,69.5,-18.1,-15,-7.5,5.3,3.4,-0.3
Idaho,2012,2191.4,-3.4,207.9,3.5,1983.5,-4.1,1.8,30,15.2,160.9,450.3,1447.7,85.5,-20,9.4,31.2,0.8,3.1,-6.5,1.6
Idaho,2013,2069,-5.6,204.7,-1.6,1864.3,-6,1.7,28.3,13.6,161,411.9,1357.1,95.3,-7.8,-5.6,-10.4,0.1,-8.5,-6.3,11.5
Idaho,2014,2058.4,-0.5,203.6,-0.6,1854.8,-0.5,2,28.6,12.5,160.5,393.3,1359.9,101.6,16.9,1,-8.5,-0.3,-4.5,0.2,6.7
Idaho,2015,1949.6,-5.3,205.9,1.1,1743.8,-6,1.9,32.2,11.6,160.1,370,1260.7,113.1,-1.2,12.5,-7,-0.2,-5.9,-7.3,11.2
Idaho,2016,1963.2,0.7,219,6.4,1744.2,0,2.9,31.4,12.7,172,375.4,1245.4,123.4,50.6,-2.4,9.1,7.4,1.4,-1.2,9.1
Idaho,2017,1861.9,-5.2,226.4,3.4,1635.4,-6.2,1.9,41.2,11.4,172,329.4,1181.1,125,-36,31,-9.8,0,-12.3,-5.2,1.3
Idaho,2018,1688.5,-9.3,227.1,0.3,1461.4,-10.6,2,45.1,11.4,168.6,281.6,1067.8,112,7.1,9.5,-0.1,-2,-14.5,-9.6,-10.4
Idaho,2019,1443.3,-14.5,223.8,-1.4,1219.5,-16.6,2,45.3,8.7,167.9,219.7,911.8,87.9,-1.8,0.4,-23.9,-0.4,-22,-14.6,-21.5
Illinois,2006,3561.2,,541.6,,3019.6,,6.1,31.8,185.3,318.4,602.1,2124.2,293.3,,,,,,,
Illinois,2007,3469,-2.6,533.2,-1.6,2935.8,-2.8,5.9,31.9,179.7,315.7,587.6,2084.5,263.7,-3.7,0.5,-3,-0.9,-2.4,-1.9,-10.1
Illinois,2008,3458,-0.3,525.4,-1.5,2932.6,-0.1,6.1,31.9,186.4,300.9,612.1,2068.1,252.5,4.7,0,3.7,-4.7,4.2,-0.8,-4.2
Illinois,2009,3234.1,-6.5,497.2,-5.4,2736.9,-6.7,6,30.2,177.6,283.4,603,1927.3,206.6,-2.2,-5.3,-4.8,-5.8,-1.5,-6.8,-18.2
Illinois,2010,3116.2,-3.6,435.2,-12.5,2681,-2,5.5,23.6,156.3,249.7,587.6,1868.9,224.4,-8.1,-21.8,-12,-11.9,-2.5,-3,8.6
Illinois,2011,3118.1,0.1,429.3,-1.4,2688.8,0.3,5.6,28.8,157.4,237.5,604.1,1861.1,223.5,1.8,21.9,0.7,-4.9,2.8,-0.4,-0.4
Illinois,2012,2993.5,-4,414.8,-3.4,2578.7,-4.1,5.8,27.7,151.2,230,552.2,1826.9,199.5,3.1,-3.8,-3.9,-3.1,-8.6,-1.8,-10.7
Illinois,2013,2646.8,-11.6,372.5,-10.2,2274.3,-11.8,5.5,25.4,137.6,204,452.1,1659.8,162.5,-5.2,-8.3,-9,-11.3,-18.1,-9.2,-18.6
Illinois,2014,2437.5,-7.9,361.7,-2.9,2075.9,-8.7,5.3,23.9,118.8,213.7,388.2,1552.2,135.5,-3,-5.9,-13.7,4.7,-14.1,-6.5,-16.6
Illinois,2015,2362.5,-3.1,373.9,3.4,1988.6,-4.2,5.8,27.6,115.9,224.6,361.1,1490.2,137.3,8.8,15.4,-2.4,5.1,-7,-4,1.3
Illinois,2016,2475.4,4.8,426.4,14,2049,3,8.2,28.4,139.3,250.5,374.9,1518.6,155.5,42.3,2.9,20.1,11.5,3.8,1.9,13.3
Illinois,2017,2450.2,-1,438.8,2.9,2011.4,-1.8,7.8,43.4,137.2,250.4,339.5,1508.8,163.1,-5.4,52.8,-1.5,0,-9.4,-0.6,4.9
Illinois,2018,2337,-4.6,404.1,-7.9,1932.8,-3.9,6.9,46,111.5,239.7,306.7,1472.3,153.8,-10.9,6,-18.7,-4.3,-9.6,-2.4,-5.7
Illinois,2019,2253.4,-3.6,406.9,0.7,1846.5,-4.5,6.6,48,98.4,254,271.7,1426.6,148.2,-5.4,4.3,-11.8,6,-11.4,-3.1,-3.7
Indiana,2006,3817.3,,314.8,,3502.4,,5.8,29.1,114.7,165.2,731.3,2424.8,346.3,,,,,,,
Indiana,2007,3730.2,-2.3,333.6,6,3396.6,-3,5.6,27.5,124.1,176.4,739.4,2349,308.2,-4,-5.5,8.1,6.8,1.1,-3.1,-11
Indiana,2008,3669.5,-1.6,333.8,0.1,3335.8,-1.8,5.1,27,118.1,183.5,762.8,2299.2,273.7,-8.6,-1.8,-4.8,4,3.2,-2.1,-11.2
Indiana,2009,3449.5,-6,333.2,-0.2,3116.2,-6.6,4.8,25.5,114.5,188.4,761.5,2138.7,216.1,-5.9,-5.3,-3.1,2.7,-0.2,-7,-21.1
Indiana,2010,3356.8,-2.7,314.5,-5.6,3042.4,-2.4,4.5,27.2,95.9,186.9,726.7,2113.4,202.3,-6.7,6.4,-16.2,-0.8,-4.6,-1.2,-6.4
Indiana,2011,3493.7,4.1,331.8,5.5,3161.8,3.9,4.8,27,107.1,193,775.7,2158.8,227.3,6.3,-0.7,11.6,3.3,6.7,2.1,12.4
Indiana,2012,3375,-3.4,345.7,4.2,3029.2,-4.2,4.7,25.5,100.9,214.6,728.3,2092,209,-1,-5.4,-5.7,11.2,-6.1,-3.1,-8.1
Indiana,2013,3203.9,-5.1,349.9,1.2,2854,-5.8,5.4,25,108.2,211.3,653,1984.9,216.2,13.9,-1.8,7.2,-1.5,-10.3,-5.1,3.4
Indiana,2014,3006,-6.2,356.7,1.9,2649.4,-7.2,5,24.5,104.5,222.6,559.3,1880,210.1,-7.4,-2.3,-3.4,5.4,-14.4,-5.3,-2.8
Indiana,2015,2974.2,-1.1,378.2,6.1,2596,-2,5.6,27,107.4,238.2,519.8,1872,204.2,12.6,10.4,2.7,7,-7.1,-0.4,-2.8
Indiana,2016,2984.4,0.3,394.9,4.4,2589.4,-0.3,6.6,27.9,110.5,249.9,514,1853.3,222.1,17.5,3.3,2.9,4.9,-1.1,-1,8.7
Indiana,2017,2815.9,-5.6,399,1,2416.9,-6.7,6,39.4,99,254.6,452.1,1733.8,231,-10,41.1,-10.4,1.9,-12.1,-6.4,4
Indiana,2018,2561.6,-9,382.3,-4.2,2179.3,-9.8,6.5,35.4,88.7,251.6,377.6,1572.7,229.1,9.9,-10.1,-10.4,-1.2,-16.5,-9.3,-0.8
Indiana,2019,2341.9,-8.6,370.8,-3,1971,-9.6,5.6,36.8,79.2,249.3,323.7,1443.4,203.8,-14.4,3.8,-10.8,-0.9,-14.3,-8.2,-11
Iowa,2006,3086.2,,283.5,,2802.7,,1.8,27.8,43.5,210.4,604.2,2030.7,167.9,,,,,,,
Iowa,2007,2910.2,-5.7,294.7,3.9,2615.6,-6.7,1.2,30.3,43.9,219.2,567,1885.1,163.5,-32.9,9,1,4.2,-6.2,-7.2,-2.6
Iowa,2008,2704.7,-7.1,283.8,-3.7,2420.9,-7.4,2.5,29.6,41.6,210.1,547.9,1728.8,144.3,104.4,-2.2,-5.4,-4.2,-3.4,-8.3,-11.7
Iowa,2009,2587.8,-4.3,279.2,-1.6,2308.7,-4.6,1.1,28.4,39.7,210,539.4,1640,129.3,-55.3,-4.1,-4.4,-0.1,-1.5,-5.1,-10.4
Iowa,2010,2516.1,-2.8,273.5,-2,2242.5,-2.9,1.3,27.4,33.2,211.6,546.8,1571.8,124,13.3,-3.2,-16.5,0.8,1.4,-4.2,-4.1
Iowa,2011,2585.9,2.8,255.6,-6.6,2330.3,3.9,1.5,27.2,26.9,199.9,568.2,1633.6,128.5,17.3,-0.8,-18.8,-5.6,3.9,3.9,3.7
Iowa,2012,2535.7,-1.9,263.9,3.3,2271.8,-2.5,1.5,28.3,31.3,202.8,556.1,1584.8,130.9,-2.6,4,16.2,1.5,-2.1,-3,1.8
Iowa,2013,2454.8,-3.2,260.9,-1.1,2193.9,-3.4,1.4,24.5,30.4,204.6,513.5,1543,137.4,-4.9,-13.5,-2.9,0.9,-7.7,-2.6,5
Iowa,2014,2357.6,-4,263.8,1.1,2093.8,-4.6,1.9,26.6,33.6,201.6,464.4,1495.8,133.6,38.8,8.8,10.7,-1.5,-9.6,-3.1,-2.8
Iowa,2015,2323.6,-1.4,276.3,4.7,2047.3,-2.2,2.3,27.2,33.5,213.2,476.7,1431.6,139,19.4,2.2,-0.3,5.8,2.7,-4.3,4
Iowa,2016,2366.3,1.8,280.3,1.4,2086,1.9,2.3,29.4,36.6,212,479.5,1447.6,159,-1.7,8,9.3,-0.6,0.6,1.1,14.4
Iowa,2017,2418.7,2.2,293.4,4.7,2125.3,1.9,3.3,39.2,39.8,211,479.3,1468.6,177.4,46,33.4,8.8,-0.4,0,1.5,11.6
Iowa,2018,1941.5,-19.7,250.1,-14.8,1691.5,-20.4,1.7,30.9,29.5,187.9,352.6,1190.4,148.5,-48.2,-21.2,-25.9,-11,-26.4,-18.9,-16.3
Iowa,2019,2000.2,3,266.6,6.6,1733.7,2.5,1.9,36.9,27.4,200.4,371.1,1199.6,163,11.1,19.3,-7.4,6.6,5.3,0.8,9.7
Kansas,2006,4175.2,,425,,3750.2,,4.6,44.8,67.9,307.7,723.3,2712,314.9,,,,,,,
Kansas,2007,4131.3,-1.1,452.7,6.5,3678.7,-1.9,3.9,44.3,72.6,331.8,729.9,2640.2,308.5,-16.1,-1,6.9,7.8,0.9,-2.6,-2
Kansas,2008,3787.8,-8.3,410.6,-9.3,3377.2,-8.2,4,42.5,60.1,304,699.9,2413.4,263.9,4.6,-4.2,-17.2,-8.4,-4.1,-8.6,-14.5
Kansas,2009,3607.9,-4.7,400.1,-2.6,3207.8,-5,4.2,38.9,63.4,293.6,690.7,2305.9,211.2,4.7,-8.4,5.4,-3.4,-1.3,-4.5,-20
Kansas,2010,3489,-3.3,369.1,-7.7,3119.9,-2.7,3.5,38.8,54.1,272.7,680.1,2229.2,210.6,-17,-0.2,-14.6,-7.1,-1.5,-3.3,-0.3
Kansas,2011,3434.1,-1.6,353.9,-4.1,3080.1,-1.3,3.8,37.8,50.8,261.5,654.4,2193.2,232.5,9.3,-2.6,-6.1,-4.1,-3.8,-1.6,10.4
Kansas,2012,3497.8,1.9,354.6,0.2,3143.2,2,2.9,36.5,52,263.2,650.3,2258,234.9,-24,-3.4,2.3,0.6,-0.6,3,1
Kansas,2013,3274.3,-6.4,327.5,-7.6,2946.8,-6.2,3.9,28.9,46.6,248.1,600.4,2117,229.5,33,-20.9,-10.3,-5.7,-7.7,-6.2,-2.3
Kansas,2014,3072.2,-6.2,337,2.9,2735.2,-7.2,3.1,37,46.9,250,545,1952.4,237.8,-19,28.3,0.5,0.7,-9.2,-7.8,3.6
Kansas,2015,3097.5,0.8,377.4,12,2720.1,-0.6,4.4,43,62.4,267.6,527.6,1953.5,238.9,40.3,16.1,33.1,7.1,-3.2,0.1,0.5
Kansas,2016,3064.2,-1.1,368.7,-2.3,2695.5,-0.9,3.8,33.4,57.5,274,494.1,1962.9,238.6,-13.2,-22.3,-7.9,2.4,-6.4,0.5,-0.1
Kansas,2017,3213.8,4.9,413,12,2800.9,3.9,5.5,55.9,61.3,290.3,478.2,2053.3,269.3,43.9,67.2,6.6,6,-3.2,4.6,12.9
Kansas,2018,3072.9,-4.4,439,6.3,2633.9,-6,3.9,53.8,53,328.3,430.6,1933.9,269.4,-29.3,-3.6,-13.5,13.1,-10,-5.8,0
Kansas,2019,2725.3,-11.3,410.8,-6.4,2314.5,-12.1,3.6,48.6,44.4,314.2,342.7,1721.9,249.9,-7.1,-9.7,-16.3,-4.3,-20.4,-11,-7.3
Kentucky,2006,2807.5,,263,,2544.5,,4,30.8,86.2,142,644.8,1679.9,219.8,,,,,,,
Kentucky,2007,2813.3,0.2,295,12.2,2518.3,-1,4.8,32.6,95.9,161.7,652.7,1661.1,204.5,20.4,5.6,11.3,13.9,1.2,-1.1,-6.9
Kentucky,2008,2880.1,2.4,296.2,0.4,2583.9,2.6,4.6,33,93.8,164.8,675.5,1728.8,179.6,-3.6,1.3,-2.2,1.9,3.5,4.1,-12.2
Kentucky,2009,2771.4,-3.8,258.7,-12.7,2512.7,-2.8,4.1,35,84.1,135.4,688.5,1683.3,140.9,-11,6.1,-10.3,-17.8,1.9,-2.6,-21.5
Kentucky,2010,2793.9,0.8,242.6,-6.2,2551.3,1.5,4.3,31.8,86.4,120.1,698.5,1709.7,143.1,4.4,-9,2.7,-11.3,1.5,1.6,1.5
Kentucky,2011,2947,5.5,238.2,-1.8,2708.8,6.2,3.5,33.5,84.5,116.7,745,1811.1,152.7,-18.7,5.2,-2.1,-2.9,6.7,5.9,6.7
Kentucky,2012,2775.5,-5.8,222.6,-6.5,2552.9,-5.8,4.5,29,80.7,108.4,675.4,1725.2,152.2,27.1,-13.3,-4.5,-7,-9.3,-4.7,-0.3
Kentucky,2013,2561.7,-7.7,198.8,-10.7,2362.9,-7.4,3.8,25.6,73.9,95.5,596.4,1629.3,137.2,-14.6,-11.8,-8.5,-11.9,-11.7,-5.6,-9.8
Kentucky,2014,2445.9,-4.5,199,0.1,2246.9,-4.9,3.6,20,75.6,99.8,526.7,1577.1,143.2,-4.6,-21.9,2.3,4.5,-11.7,-3.2,4.3
Kentucky,2015,2385.1,-2.5,207.5,4.3,2177.6,-3.1,4.7,22.5,74.7,105.5,503,1498.7,175.9,30.3,12.6,-1.1,5.7,-4.5,-5,22.8
Kentucky,2016,2411.5,1.1,221.8,6.9,2189.7,0.6,5.9,26.5,75.9,113.5,469.6,1497.4,222.8,24.1,17.4,1.6,7.6,-6.7,-0.1,26.7
Kentucky,2017,2354.8,-2.4,225.8,1.8,2129.1,-2.8,5.9,37.3,66.4,116.2,453.4,1445.7,230,0.8,40.9,-12.5,2.3,-3.4,-3.5,3.2
Kentucky,2018,2174.4,-7.7,211.9,-6.2,1962.6,-7.8,5.5,38.2,55,113.2,384.7,1348.2,229.6,-7.5,2.4,-17.2,-2.5,-15.2,-6.7,-0.2
Kentucky,2019,2114.5,-2.8,217.1,2.5,1897.4,-3.3,4.9,35.2,48.4,128.6,345.7,1323.5,228.2,-9.4,-7.9,-12,13.6,-10.1,-1.8,-0.6
Louisiana,2006,4691.4,,697.8,,3993.7,,12.4,36.4,133.6,515.4,1049.2,2579.7,364.8,,,,,,,
Louisiana,2007,4805.5,2.4,729.5,4.5,4076,2.1,14.2,32.4,141.7,541.2,1038.9,2683.5,353.6,14.6,-10.9,6,5,-1,4,-3.1
Louisiana,2008,4479.3,-6.8,656.2,-10,3823.1,-6.2,11.9,27.9,135.9,480.4,982.1,2529.4,311.6,-15.6,-13.9,-4.1,-11.2,-5.5,-5.7,-11.9
Louisiana,2009,4414.6,-1.4,620,-5.5,3794.6,-0.7,11.8,30.3,135.9,442,1029.5,2504.3,260.8,-1.3,8.3,0,-8,4.8,-1,-16.3
Louisiana,2010,4196.5,-4.9,549,-11.5,3647.5,-3.9,11.2,27.2,114.9,395.6,1002.2,2427.1,218.2,-4.7,-10.1,-15.4,-10.5,-2.6,-3.1,-16.3
Louisiana,2011,4243.9,1.1,555.3,1.2,3688.5,1.1,11.2,27.7,114.5,401.9,1012.5,2476.6,199.4,-0.3,1.9,-0.4,1.6,1,2,-8.6
Louisiana,2012,4037.6,-4.9,496.9,-10.5,3540.6,-4,10.8,25.2,119,342,915.7,2453.7,171.3,-4.1,-9.2,3.9,-14.9,-9.6,-0.9,-14.1
Louisiana,2013,4092.4,1.4,510.4,2.7,3582,1.2,10.8,26.9,119.9,352.8,890.4,2493.6,198,0.1,6.9,0.8,3.2,-2.8,1.6,15.6
Louisiana,2014,3965.3,-3.1,506.5,-0.8,3458.8,-3.4,10.3,21.3,122.5,352.4,824.5,2421.6,212.7,-4.7,-20.7,2.1,-0.1,-7.4,-2.9,7.4
Louisiana,2015,3883.2,-2.1,529.8,4.6,3353.4,-3,10.3,27,118.8,373.7,759,2385.8,208.6,0.4,26.4,-3,6,-7.9,-1.5,-2
Louisiana,2016,3853.3,-0.8,555.7,4.9,3297.7,-1.7,11.8,28.4,119.1,396.4,740.5,2336.3,220.8,14.9,5.2,0.2,6.1,-2.4,-2.1,5.9
Louisiana,2017,3923.8,1.8,557,0.2,3366.8,2.1,12.4,39.9,114.4,390.3,731.5,2401.3,234,5,40.5,-4,-1.5,-1.2,2.8,6
Louisiana,2018,3813.5,-2.8,537.5,-3.5,3276,-2.7,11.4,44.7,98,383.4,668.1,2360.4,247.6,-8.5,12.3,-14.3,-1.8,-8.7,-1.7,5.8
Louisiana,2019,3711.3,-2.7,549.3,2.2,3162,-3.5,11.7,48.9,86.6,402.1,579,2352.4,230.5,2.9,9.3,-11.7,4.9,-13.3,-0.3,-6.9
Maine,2006,2634.1,,115.5,,2518.7,,1.7,25.7,29.1,59,512.9,1904.3,101.4,,,,,,,
Maine,2007,2546.8,-3.3,118,2.2,2428.8,-3.6,1.6,29.7,26.5,60.2,506.8,1826.4,95.6,-8.4,15.7,-8.8,2,-1.2,-4.1,-5.7
Maine,2008,2569.9,0.9,117.5,-0.4,2452.4,1,2.4,28.5,25.3,61.4,495.4,1867.7,89.3,47.7,-4,-4.5,1.9,-2.3,2.3,-6.5
Maine,2009,2523.2,-1.8,119.8,1.9,2403.5,-2,2,28.5,30.3,59,510.4,1815.7,77.4,-16.2,0.1,19.7,-3.8,3,-2.8,-13.3
Maine,2010,2601.3,3.1,122,1.9,2479.3,3.2,1.8,29.3,31.2,59.8,554,1850.8,74.5,-8.4,2.7,3,1.3,8.6,1.9,-3.8
Maine,2011,2668.7,2.6,123.2,0.9,2545.5,2.7,2,29.6,27.8,63.8,591.3,1873,81.2,8.3,1,-10.9,6.8,6.7,1.2,8.9
Maine,2012,2632.6,-1.4,122.7,-0.4,2509.9,-1.4,1.9,28,31.8,61,561.3,1873.7,74.9,-3.9,-5.4,14.5,-4.4,-5.1,0,-7.8
Maine,2013,2413.8,-8.3,121.6,-0.9,2292.2,-8.7,1.8,25.9,25.2,68.7,488.1,1735.3,68.8,-3.9,-7.5,-20.8,12.5,-13,-7.4,-8.1
Maine,2014,2104.8,-12.8,118.4,-2.6,1986.4,-13.3,1.6,27.1,22.9,66.9,378.2,1548.2,60.1,-12.6,4.5,-9.4,-2.5,-22.5,-10.8,-12.7
Maine,2015,1951.1,-7.3,121,2.2,1830,-7.9,1.7,26.6,23.4,69.3,352.4,1416.4,61.2,9.6,-1.6,2.4,3.5,-6.8,-8.5,1.9
Maine,2016,1761,-9.7,115.4,-4.7,1645.7,-10.1,1.5,22.5,20,71.3,300.6,1286.8,58.2,-13.2,-15.4,-14.6,3,-14.7,-9.1,-4.9
Maine,2017,1628.1,-7.5,121,4.9,1507.1,-8.4,1.7,35.4,18.6,65.3,249.6,1198.1,59.4,14.6,57.1,-6.7,-8.5,-17,-6.9,2
Maine,2018,1470,-9.7,112.1,-7.3,1357.8,-9.9,1.8,33.3,17,60,202.7,1097.1,58.1,4.2,-5.9,-8.6,-8.1,-18.8,-8.4,-2.2
Maine,2019,1360.7,-7.4,115.2,2.7,1245.6,-8.3,1.5,38.4,14,61.3,174.8,1016.7,54,-17,15.2,-17.9,2.2,-13.8,-7.3,-7
Maryland,2006,4159.6,,678.6,,3480.9,,9.7,21,256,392,667,2270.4,543.5,,,,,,,
Maryland,2007,4073.4,-2.1,641.9,-5.4,3431.5,-1.4,9.9,21,236,375.1,660.2,2265.9,505.4,1.2,0,-7.8,-4.3,-1,-0.2,-7
Maryland,2008,4145.9,1.8,628.3,-2.1,3517.7,2.5,8.8,20,234.4,365.1,689.6,2378.3,449.8,-11.3,-4.7,-0.7,-2.7,4.4,5,-11
Maryland,2009,3788.4,-8.6,590,-6.1,3198.5,-9.1,7.7,20.3,210.7,351.3,647.5,2206.7,344.2,-11.8,1.4,-10.1,-3.8,-6.1,-7.2,-23.5
Maryland,2010,3549.2,-6.3,547.4,-7.2,3001.8,-6.1,7.4,21.3,191.4,327.3,635.7,2053.9,312.3,-4.6,4.9,-9.1,-6.8,-1.8,-6.9,-9.3
Maryland,2011,3354.6,-5.5,494.1,-9.7,2860.5,-4.7,6.8,20.5,177.4,289.4,613.9,1970.9,275.7,-7.2,-3.5,-7.3,-11.6,-3.4,-4,-11.7
Maryland,2012,3225.7,-3.8,477.2,-3.4,2748.5,-3.9,6.3,21,172.8,277,568.8,1933.4,246.3,-7.4,2.4,-2.6,-4.3,-7.3,-1.9,-10.7
Maryland,2013,3127.5,-3,467.5,-2,2659.9,-3.2,6.5,19.7,170.1,271.3,537.9,1895.6,226.5,3.3,-6.1,-1.6,-2.1,-5.4,-2,-8
Maryland,2014,2960.2,-5.3,441.3,-5.6,2518.9,-5.3,6.1,19.1,161.5,254.6,471.4,1827.5,220,-6.9,-2.9,-5,-6.1,-12.4,-3.6,-2.9
Maryland,2015,2866.6,-3.2,471.3,6.8,2395.3,-4.9,9.2,29.3,169,263.9,445.2,1724.3,225.8,51.6,52.9,4.6,3.7,-5.6,-5.6,2.7
Maryland,2016,2801.3,-2.3,481.9,2.2,2319.4,-3.2,8.9,30.2,179.7,263.1,412.6,1676.7,230.2,-3.6,3.1,6.4,-0.3,-7.3,-2.8,1.9
Maryland,2017,2760.9,-1.4,507,5.2,2253.9,-2.8,9.4,29.3,186.6,281.7,392.2,1637.7,223.9,5.9,-2.9,3.8,7.1,-4.9,-2.3,-2.7
Maryland,2018,2517.7,-8.8,474,-6.5,2043.7,-9.3,8.1,34.9,161.4,269.6,313.3,1529.3,201,-13.9,19,-13.5,-4.3,-20.1,-6.6,-10.2
Maryland,2019,2404.3,-4.5,454.1,-4.2,1950.2,-4.6,9,31.6,152.2,261.3,278.9,1485,186.2,10.8,-9.2,-5.7,-3.1,-11,-2.9,-7.3
Massachusetts,2006,2762.6,,404.8,,2357.9,,2.9,27.1,125,249.8,546.5,1565.4,245.9,,,,,,,
Massachusetts,2007,2823,2.2,431.5,6.6,2391.5,1.4,2.9,25.3,108.6,294.7,552.9,1606.1,232.4,-1.3,-6.4,-13.1,18,1.2,2.6,-5.5
Massachusetts,2008,2849.1,0.9,449,4,2400.1,0.4,2.6,26.7,108.8,310.9,555.5,1648.6,196,-9.9,5.5,0.2,5.5,0.5,2.6,-15.7
Massachusetts,2009,2761,-3.1,457.1,1.8,2304,-4,2.6,25.8,112.6,316,525.7,1600.3,178,1.5,-3.4,3.5,1.6,-5.4,-2.9,-9.2
Massachusetts,2010,2817.2,2,466.6,2.1,2350.5,2,3.2,26.7,105,331.8,576.8,1598.8,174.9,22.9,3.3,-6.8,5,9.7,-0.1,-1.7
Massachusetts,2011,2687,-4.6,428.4,-8.2,2258.7,-3.9,2.8,24.7,102.7,298.1,554.6,1540.3,163.7,-12.4,-7.3,-2.1,-10.1,-3.9,-3.7,-6.4
Massachusetts,2012,2558.5,-4.8,405.5,-5.3,2153,-4.7,1.8,24.7,98.6,280.4,519.7,1494.4,138.9,-35.2,0,-4,-5.9,-6.3,-3,-15.2
Massachusetts,2013,2455.2,-4,404,-0.4,2051.2,-4.7,2,31.2,100.2,270.5,459.2,1455.7,136.3,12.4,26.3,1.6,-3.5,-11.6,-2.6,-1.9
Massachusetts,2014,2240.3,-8.8,383.2,-5.1,1857.1,-9.5,2,24.1,89.5,267.6,370.1,1364.5,122.5,-4.4,-22.6,-10.7,-1.1,-19.4,-6.3,-10.2
Massachusetts,2015,2074.7,-7.4,384.1,0.2,1690.7,-9,1.9,23.7,77.8,280.7,322.2,1249.7,118.8,-3.7,-2,-13,4.9,-12.9,-8.4,-3
Massachusetts,2016,1930.2,-7,369.1,-3.9,1561.1,-7.7,2,23.4,78.8,265,281.8,1161,118.3,4.4,-1.2,1.2,-5.6,-12.5,-7.1,-0.4
Massachusetts,2017,1795,-7,358,-3,1437,-8,2.5,32,71,252.5,249.1,1078,109.9,28.2,37,-9.8,-4.7,-11.6,-7.2,-7.1
Massachusetts,2018,1634.5,-8.9,371.2,3.7,1263.3,-12.1,2,34.9,60,274.3,200.8,966.8,95.7,-21.9,9,-15.5,8.6,-19.4,-10.3,-12.9
Massachusetts,2019,1507.4,-7.8,327.6,-11.8,1179.8,-6.6,2.2,32,52.4,241,179,911.8,89,11.9,-8.4,-12.7,-12.2,-10.8,-5.7,-7
Michigan,2006,3775.2,,562.4,,3212.8,,7.1,52.2,140.7,362.4,753.9,1963.5,495.4,,,,,,,
Michigan,2007,3601.8,-4.6,536,-4.7,3065.7,-4.6,6.7,45.5,133.2,350.7,748.9,1898.3,418.5,-5,-12.9,-5.4,-3.2,-0.7,-3.3,-15.5
Michigan,2008,3436.3,-4.6,501.5,-6.4,2934.8,-4.3,5.4,45,129.6,321.5,741.5,1831.1,362.3,-19.3,-1,-2.7,-8.3,-1,-3.5,-13.4
Michigan,2009,3334.7,-3,497,-0.9,2837.8,-3.3,6.3,45.3,123.7,321.7,760.5,1782.6,294.7,16.1,0.6,-4.6,0.1,2.6,-2.6,-18.6
Michigan,2010,3203.9,-3.9,490.3,-1.3,2713.6,-4.4,5.7,47.3,116.3,321,747.4,1689.5,276.8,-8.8,4.4,-6,-0.2,-1.7,-5.2,-6.1
Michigan,2011,3057.5,-4.6,445.3,-9.2,2612.1,-3.7,6.2,44,105.2,289.9,724.9,1629,258.2,8.2,-6.9,-9.5,-9.7,-3,-3.6,-6.7
Michigan,2012,2985,-2.4,454.5,2.1,2530.5,-3.1,7,46.4,105.6,295.5,664.4,1612,254.1,12.3,5.5,0.3,2,-8.4,-1,-1.6
Michigan,2013,2757.5,-7.6,429.8,-5.4,2327.6,-8,6.4,46.5,102.1,274.8,569.4,1510,248.3,-8.5,0.2,-3.3,-7,-14.3,-6.3,-2.3
Michigan,2014,2448.8,-11.2,404.9,-5.8,2043.9,-12.2,5.4,40.9,80.9,277.7,445.9,1384.5,213.5,-15.3,-12.2,-20.7,1,-21.7,-8.3,-14
Michigan,2015,2278.1,-7,392.5,-3.1,1885.6,-7.7,5.8,42,78.6,266.2,403.5,1323.2,158.9,6.6,2.7,-2.9,-4.1,-9.5,-4.4,-25.6
Michigan,2016,2348.6,3.1,438.8,11.8,1909.9,1.3,6,51.5,71.7,309.5,398.5,1308.1,203.2,4.7,22.8,-8.7,16.3,-1.2,-1.1,27.9
Michigan,2017,2249.9,-4.2,450,2.6,1800,-5.8,5.7,70.6,65.1,308.5,357.8,1245.7,196.5,-5.2,37,-9.2,-0.3,-10.2,-4.8,-3.3
Michigan,2018,2717,20.8,1063.5,136.4,1653.5,-8.1,5.5,76.9,56.6,924.5,316.6,1162.3,174.6,-3.5,9,-13.1,199.6,-11.5,-6.7,-11.1
Michigan,2019,2022.5,-25.6,437.4,-58.9,1585,-4.1,5.6,72.4,53.6,305.9,286.1,1121.3,177.7,1,-5.8,-5.3,-66.9,-9.6,-3.5,1.8
Minnesota,2006,3391.5,,312,,3079.5,,2.4,31.8,105.1,172.6,583.9,2236.6,258.9,,,,,,,
Minnesota,2007,3325.2,-2,288.7,-7.5,3036.6,-1.4,2.2,36,91.8,158.6,570.8,2224.7,241,-7.7,13.2,-12.7,-8.1,-2.2,-0.5,-6.9
Minnesota,2008,3113.3,-6.4,262.8,-9,2850.6,-6.1,2.1,34.6,80,146.1,505.9,2151.6,193.1,-6.4,-4.1,-12.8,-7.9,-11.4,-3.3,-19.9
Minnesota,2009,2884.9,-7.3,243.9,-7.2,2641,-7.3,1.4,34,68.7,139.8,484,1995.3,161.8,-32.7,-1.7,-14.1,-4.3,-4.3,-7.3,-16.2
Minnesota,2010,2808.2,-2.7,236,-3.2,2572.3,-2.6,1.8,33.9,63.9,136.4,460.3,1950,161.9,28.8,-0.2,-7,-2.4,-4.9,-2.3,0.1
Minnesota,2011,2770.7,-1.3,221.2,-6.2,2549.4,-0.9,1.4,31.1,63.4,125.4,481.3,1915.1,153.1,-23.5,-8.2,-0.8,-8.1,4.6,-1.8,-5.4
Minnesota,2012,2799.2,1,230.9,4.4,2568.3,0.7,1.8,30.5,64.6,134,471.8,1939.3,157.2,32.9,-2.2,2,6.9,-2,1.3,2.7
Minnesota,2013,2643.6,-5.6,223.2,-3.3,2420.4,-5.8,2.1,25.9,67.8,127.5,419,1854.4,147,14.3,-15,4.9,-4.9,-11.2,-4.4,-6.5
Minnesota,2014,2516.6,-4.8,219.1,-1.9,2297.5,-5.1,1.6,26.6,67.6,123.3,380.7,1763.5,153.3,-23.3,2.8,-0.3,-3.3,-9.2,-4.9,4.3
Minnesota,2015,2453.2,-2.5,231.1,5.5,2222.1,-3.3,2.4,30.7,68.7,129.2,351.6,1725.2,145.4,50.2,15.4,1.7,4.8,-7.6,-2.2,-5.2
Minnesota,2016,2364.7,-3.6,231.5,0.2,2133.3,-4,1.8,31.4,67.5,130.7,337.1,1638.1,158.1,-24.5,2.1,-1.7,1.2,-4.1,-5,8.8
Minnesota,2017,2429.8,2.8,238.3,3,2191.5,2.7,2,42.8,64.9,128.6,336.9,1675.7,178.9,10.7,36.4,-3.9,-1.6,-0.1,2.3,13.2
Minnesota,2018,2308.5,-5,314.7,32,1993.8,-9,1.9,43.9,52.5,216.5,288.4,1524.8,180.5,-6.8,2.6,-19.2,68.3,-14.4,-9,0.9
Minnesota,2019,2315.2,0.3,236.4,-24.9,2078.8,4.3,2.1,43.4,55.8,135.1,282.4,1597.5,198.9,9.8,-1.1,6.4,-37.6,-2.1,4.8,10.2
Mississippi,2006,3507.4,,298.6,,3208.8,,7.7,34.4,107.1,149.5,935.9,1986.1,286.8,,,,,,,
Mississippi,2007,3492.1,-0.4,291.3,-2.5,3200.8,-0.2,7.1,35.6,98.2,150.3,957.9,1990,252.9,-7,3.7,-8.3,0.6,2.4,0.2,-11.8
Mississippi,2008,3225.4,-7.6,284.9,-2.2,2940.4,-8.1,8.1,30.3,102.6,143.9,885.6,1838.7,216.2,13.2,-15,4.5,-4.3,-7.5,-7.6,-14.5
Mississippi,2009,3234.6,0.3,281.3,-1.3,2953.3,0.4,6.4,31.8,100.4,142.6,987.9,1782.5,183,-20.2,5,-2.1,-0.9,11.6,-3.1,-15.4
Mississippi,2010,3254.7,0.6,269.7,-4.1,2985,1.1,7,31.2,93.7,137.8,1026,1778.4,180.6,8.9,-1.8,-6.8,-3.4,3.9,-0.2,-1.3
Mississippi,2011,3295.3,1.2,269.8,0,3025.5,1.4,8,29,83.7,149.1,1037.7,1822.5,165.4,14.5,-7,-10.7,8.2,1.1,2.5,-8.5
Mississippi,2012,3071.8,-6.8,260.8,-3.3,2811,-7.1,7.4,27.5,76.5,149.4,940.6,1725.6,144.8,-8.1,-5.2,-8.5,0.2,-9.4,-5.3,-12.4
Mississippi,2013,2992.1,-2.6,267.4,2.5,2724.7,-3.1,6.5,23.9,80.5,156.5,835.6,1742.3,146.7,-11.5,-13.2,5.3,4.7,-11.2,1,1.3
Mississippi,2014,3189.8,6.6,268.7,0.5,2921.2,7.2,8.6,25.5,81.2,153.4,813.3,1956.9,150.9,32.2,6.8,0.8,-2,-2.7,12.3,2.9
Mississippi,2015,3098,-2.9,264.4,-1.6,2833.6,-3,8.7,28.8,76.7,150.3,828.8,1863,141.8,0.4,12.9,-5.5,-2,1.9,-4.8,-6.1
Mississippi,2016,3036.2,-2,268,1.4,2768.1,-2.3,8,30.3,80.2,149.6,781.4,1842.1,144.7,-8,5.1,4.6,-0.5,-5.7,-1.1,2
Mississippi,2017,3019.6,-0.5,285.7,6.6,2733.9,-1.2,8.2,36.6,69.4,171.5,828.1,1750.6,155.2,3.1,20.7,-13.5,14.7,6,-5,7.3
Mississippi,2018,2496.5,-17.3,93.5,-67.3,2403,-12.1,5.7,18,53.4,16.4,697.8,1561.2,144,-30.3,-50.8,-23,-90.5,-15.7,-10.8,-7.2
Mississippi,2019,2653.7,6.3,277.9,197.3,2375.8,-1.1,11.2,25.1,57.1,184.6,627,1555.7,193.1,94.8,39.6,7,1027.2,-10.1,-0.4,34.1
Missouri,2006,4372.1,,545.6,,3826.5,,6.3,30.2,129.9,379.3,764.1,2627,435.3,,,,,,,
Missouri,2007,4243.3,-2.9,504.9,-7.5,3738.4,-2.3,6.5,29.2,121.9,347.3,739.1,2594.7,404.6,4,-3.4,-6.1,-8.4,-3.3,-1.2,-7.1
Missouri,2008,4168.1,-1.8,504.4,-0.1,3663.7,-2,7.7,27.3,125,344.4,774.5,2537.9,351.3,17.5,-6.3,2.6,-0.8,4.8,-2.2,-13.2
Missouri,2009,3877.1,-7,491.8,-2.5,3385.3,-7.6,6.4,26.8,124.5,334.1,731.3,2362.1,291.9,-16.9,-1.8,-0.4,-3,-5.6,-6.9,-16.9
Missouri,2010,3801.4,-2,455,-7.5,3346.4,-1.1,7,23.9,102.4,321.7,735.4,2343,268,9.6,-10.9,-17.7,-3.7,0.6,-0.8,-8.2
Missouri,2011,3756.2,-1.2,447.4,-1.7,3308.8,-1.1,6.1,24.3,104.3,312.7,745.7,2308.3,254.8,-13.2,1.4,1.9,-2.8,1.4,-1.5,-4.9
Missouri,2012,3765.3,0.2,450.9,0.8,3314.4,0.2,6.5,25.1,96,323.4,705.2,2338.4,270.8,6.1,3.4,-7.9,3.4,-5.4,1.3,6.3
Missouri,2013,3559,-5.5,422,-6.4,3137,-5.4,6.1,26.5,90.7,298.7,643,2223.9,270.1,-5,5.4,-5.5,-7.6,-8.8,-4.9,-0.3
Missouri,2014,3338.3,-6.2,431.8,2.3,2906.5,-7.3,6.6,28.1,92.2,304.8,581.5,2055.3,269.8,8.3,6.4,1.6,2,-9.6,-7.6,-0.1
Missouri,2015,3340.2,0.1,485.9,12.5,2854.2,-1.8,8.3,30.5,104.8,342.4,559,2015.8,279.4,24.2,8.3,13.6,12.3,-3.9,-1.9,3.6
Missouri,2016,3307.5,-1,508.4,4.6,2799.1,-1.9,8.8,30.9,107.8,360.8,520.4,1978.4,300.3,6.8,1.5,2.9,5.4,-6.9,-1.9,7.5
Missouri,2017,3364.2,1.7,530.3,4.3,2833.9,1.2,9.8,44.6,103.9,372,492,2016,325.9,11.4,44.4,-3.7,3.1,-5.5,1.9,8.5
Missouri,2018,2823.7,-16.1,176.6,-66.7,2647.1,-6.6,9.9,47.5,84.8,34.4,444.9,1878.8,323.4,1,6.5,-18.3,-90.8,-9.6,-6.8,-0.7
Missouri,2019,3133.7,11,495,180.2,2638.7,-0.3,9.3,47.5,80.8,357.4,430.4,1865,343.3,-6.6,0,-4.8,939.7,-3.3,-0.7,6.2
Montana,2006,2941.3,,253.7,,2687.5,,1.8,28.5,17.4,206.1,310.7,2191.8,185,,,,,,,
Montana,2007,3052.9,3.8,287.5,13.3,2765.4,2.9,1.5,30.3,19.9,235.8,316,2266.2,183.2,-18.8,6.3,14.9,14.4,1.7,3.4,-1
Montana,2008,2861.1,-6.3,258.1,-10.2,2603,-5.9,2.4,30.4,17.8,207.6,344.4,2095.9,162.6,62.7,0.4,-10.8,-12,9,-7.5,-11.3
Montana,2009,2717.7,-5,253.6,-1.7,2464,-5.3,2.9,30.2,22.2,198.5,347.3,1967.4,149.3,20.8,-0.8,24.6,-4.4,0.8,-6.1,-8.2
Montana,2010,2816,3.6,272.2,7.3,2543.8,3.2,2.6,32.4,15.9,221.2,369.3,2020.3,154.2,-8.5,7.6,-28.4,11.5,6.3,2.7,3.3
Montana,2011,2587.2,-8.1,267.5,-1.7,2319.7,-8.8,2.8,35.8,16.9,212,339.6,1834,146.1,6.7,10.2,6.7,-4.2,-8,-9.2,-5.3
Montana,2012,2855.9,10.4,272.2,1.8,2583.7,11.4,2.7,37.7,19,212.8,387.4,2028.3,168,-4.2,5.4,12.2,0.4,14.1,10.6,15
Montana,2013,2797.3,-2.1,240.7,-11.6,2556.5,-1.1,2.2,28.3,20.1,190.2,400.3,1974,182.2,-19.3,-25,5.8,-10.6,3.3,-2.7,8.5
Montana,2014,2785.7,-0.4,312.8,29.9,2472.9,-3.3,3.6,42,19.8,247.4,351.2,1922.1,199.6,66.8,48.6,-1.3,30,-12.3,-2.6,9.5
Montana,2015,2961.9,6.3,338.4,8.2,2623.6,6.1,3.5,41.7,20.3,272.8,371.6,2017.9,234.1,-3.6,-0.7,2.5,10.3,5.8,5,17.3
Montana,2016,3036.1,2.5,352.6,4.2,2683.5,2.3,3.5,39.7,25.5,283.9,377.4,2043,263.1,-0.9,-4.8,25.5,4.1,1.6,1.2,12.4
Montana,2017,2968.7,-2.2,377.1,6.9,2591.6,-3.4,3.9,58.4,28.1,286.7,344.1,2000.8,246.7,13,46.9,10.1,1,-8.8,-2.1,-6.2
Montana,2018,3494.8,17.7,998.5,164.8,2496.3,-3.7,3.2,51.9,25.3,918.1,306.6,1926.5,263.2,-18,-11.1,-9.8,220.2,-10.9,-3.7,6.7
Montana,2019,2598.1,-25.7,404.9,-59.4,2193.2,-12.1,2.5,58.4,19.2,324.9,270.1,1700.6,222.4,-21.1,12.6,-24.3,-64.6,-11.9,-11.7,-15.5
Nebraska,2006,3622.5,,281.8,,3340.7,,2.8,31,63.8,184.1,534.5,2521.3,284.9,,,,,,,
Nebraska,2007,3463.9,-4.4,302.4,7.3,3161.4,-5.4,3.8,29.7,62.4,206.5,509.8,2358.6,293.1,35.5,-4.2,-2.2,12.1,-4.6,-6.5,2.9
Nebraska,2008,3182.3,-8.1,303.7,0.4,2878.6,-8.9,3.8,32.7,72.8,194.3,492,2151.8,234.8,-0.5,10.1,16.7,-5.9,-3.5,-8.8,-19.9
Nebraska,2009,3043.1,-4.4,281.6,-7.3,2761.5,-4.1,2.2,33.1,67.8,178.4,484.3,2083.5,193.8,-41.6,1.3,-6.8,-8.2,-1.6,-3.2,-17.5
Nebraska,2010,2952.6,-3,279.5,-0.8,2673.2,-3.2,3,36.8,56.1,183.6,455.9,2019.4,197.9,32.8,11.1,-17.3,2.9,-5.9,-3.1,2.1
Nebraska,2011,3006.1,1.8,253.2,-9.4,2752.9,3,3.6,37.7,54.1,157.7,472.9,2057.3,222.7,23,2.5,-3.6,-14.1,3.7,1.9,12.5
Nebraska,2012,3014.3,0.3,259.4,2.5,2754.9,0.1,2.9,38.3,60.9,157.4,470.8,2060.7,223.5,-21.4,1.6,12.6,-0.2,-0.5,0.2,0.4
Nebraska,2013,2875.5,-4.6,252.2,-2.8,2623.4,-4.8,3.1,33,55.7,160.5,476.3,1908.2,238.9,6.8,-14,-8.6,2,1.2,-7.4,6.9
Nebraska,2014,2791,-2.9,267.5,6.1,2523.5,-3.8,2.9,33,55.4,176.2,422.5,1864.1,236.8,-5.9,0,-0.4,9.8,-11.3,-2.3,-0.9
Nebraska,2015,2504.3,-10.3,263.2,-1.6,2241.1,-11.2,3.3,34.4,52.4,173.1,338.7,1691.4,211,13.9,4.3,-5.4,-1.8,-19.8,-9.3,-10.9
Nebraska,2016,2540.9,1.5,277.6,5.5,2263.3,1,2.6,38.7,49.6,186.7,337.9,1677.6,247.8,-21.4,12.5,-5.4,7.8,-0.2,-0.8,17.4
Nebraska,2017,2579.9,1.5,305.9,10.2,2274,0.5,2.2,62,50.4,191.2,337.1,1666,271,-12.8,60.3,1.6,2.4,-0.2,-0.7,9.4
Nebraska,2018,2364.6,-8.3,284.8,-6.9,2079.9,-8.5,2.3,63.9,39.2,179.4,271.9,1555.3,252.6,1.8,3,-22.3,-6.2,-19.3,-6.6,-6.8
Nebraska,2019,2340.3,-1,300.9,5.7,2039.3,-1.9,2.3,64.8,40.9,192.9,245.3,1536.3,257.7,2,1.4,4.5,7.5,-9.8,-1.2,2
Nevada,2006,4830.4,,741.6,,4088.8,,9,43.2,281.6,407.8,994.6,2013.8,1080.4,,,,,,,
Nevada,2007,4528.5,-6.3,750.6,1.2,3777.8,-7.6,7.5,42.7,270.2,430.2,968.3,1939.1,870.5,-16.6,-1.2,-4,5.5,-2.6,-3.7,-19.4
Nevada,2008,4171.9,-7.9,724.5,-3.5,3447.5,-8.7,6.3,42.4,248.9,426.9,929,1906.8,611.6,-16.2,-0.8,-7.9,-0.8,-4.1,-1.7,-29.7
Nevada,2009,3757.8,-9.9,702.2,-3.1,3055.6,-11.4,5.9,38.6,227.8,429.8,832.1,1755.1,468.4,-5.2,-8.9,-8.5,0.7,-10.4,-8,-23.4
Nevada,2010,3435.3,-8.6,660.6,-5.9,2774.7,-9.2,5.9,35.7,196.2,422.9,823,1574.5,377.1,-1.5,-7.5,-13.9,-1.6,-1.1,-10.3,-19.5
Nevada,2011,3122.7,-9.1,562.1,-14.9,2560.5,-7.7,5.2,33.5,157.9,365.6,742.3,1470,348.3,-11.5,-6.3,-19.5,-13.5,-9.8,-6.6,-7.7
Nevada,2012,3417,9.4,607.6,8.1,2809.4,9.7,4.5,33.7,178.3,391.1,801.8,1644.6,363.1,-13.2,0.8,12.9,7,8,11.9,4.3
Nevada,2013,3429,0.4,591.2,-2.7,2837.7,1,5.8,39.1,185.8,360.6,826,1653.4,358.3,30,15.8,4.2,-7.8,3,0.5,-1.3
Nevada,2014,3248.2,-5.3,622.8,5.3,2625.4,-7.5,6,35,209.7,372.1,772.3,1494.3,358.7,2.5,-10.3,12.9,3.2,-6.5,-9.6,0.1
Nevada,2015,3348.7,3.1,680.4,9.2,2668.3,1.6,6.2,42.8,217.5,413.9,773.5,1502.2,392.7,2.8,22.2,3.7,11.2,0.1,0.5,9.5
Nevada,2016,3249.7,-3,663.1,-2.5,2586.6,-3.1,7.6,43.9,215.6,395.9,641.1,1497.1,448.3,23.7,2.6,-0.8,-4.4,-17.1,-0.3,14.2
Nevada,2017,3168.4,-2.5,555.9,-16.2,2612.4,1,9.1,63,161.5,322.3,668.7,1516.4,427.3,20,43.5,-25.1,-18.6,4.3,1.3,-4.7
Nevada,2018,2979.3,-6,541.1,-2.7,2438.2,-6.7,6.7,76.8,127.3,330.4,584.7,1461.2,392.3,-27.2,21.8,-21.2,2.5,-12.6,-3.6,-8.2
Nevada,2019,2815.9,-5.5,493.8,-8.7,2322.1,-4.8,4.6,70.2,106.7,312.3,503.5,1453,365.6,-30.3,-8.6,-16.2,-5.5,-13.9,-0.6,-6.8
New Hampshire,2006,2012.8,,138.7,,1874.1,,1,26.2,32.2,79.4,331.4,1434.5,108.1,,,,,,,
New Hampshire,2007,2029.4,0.8,137.3,-1,1892,1,1.1,25.3,32.8,78,378.9,1414.4,98.7,15.3,-3.3,2.1,-1.7,14.3,-1.4,-8.7
New Hampshire,2008,2249.2,10.8,157.2,14.5,2091.9,10.6,1,29.7,31.8,94.7,325.7,1660.8,105.4,-13.3,17.4,-3,21.3,-14,17.4,6.8
New Hampshire,2009,2320.6,3.2,159.6,1.5,2161,3.3,0.8,30.2,34.4,94.3,372,1704.1,84.9,-23.6,1.6,7.9,-0.4,14.2,2.6,-19.5
New Hampshire,2010,2353.3,1.4,167,4.6,2186.3,1.2,1,31.3,34.3,100.4,413.3,1699.5,73.5,30.8,3.6,-0.3,6.5,11.1,-0.3,-13.3
New Hampshire,2011,2471.9,5,188,12.6,2283.9,4.5,1.3,32.5,36,118.2,436.1,1773.9,73.9,30.6,4,5,17.7,5.5,4.4,0.5
New Hampshire,2012,2511.8,1.6,187.9,-0.1,2324,1.8,1.1,34,35.7,117,412.2,1834.3,77.5,-11.9,4.5,-0.6,-1,-5.5,3.4,4.8
New Hampshire,2013,2393.9,-4.7,199.6,6.3,2194.3,-5.6,1.7,36.2,49,112.7,373,1750.3,71,46.4,6.5,37.2,-3.6,-9.5,-4.6,-8.3
New Hampshire,2014,2148.5,-10.2,185.9,-6.9,1962.7,-10.6,0.9,34.5,40.5,110,313.7,1584.4,64.6,-45.6,-4.6,-17.5,-2.5,-15.9,-9.5,-9.1
New Hampshire,2015,1932.6,-10.1,186.8,0.5,1745.7,-11.1,1.1,34.6,35.2,116,260.6,1418.2,67,16.3,0.4,-13.1,5.5,-16.9,-10.5,3.7
New Hampshire,2016,1698.5,-12.1,185.6,-0.6,1512.9,-13.3,1.3,31.7,32,120.7,222,1225.7,65.3,21,-8.5,-9,4.1,-14.8,-13.6,-2.6
New Hampshire,2017,1580.5,-6.9,198.7,7,1381.8,-8.7,1,49.4,31.2,117.1,191.7,1122,68.1,-18.1,55.8,-2.5,-3,-13.6,-8.5,4.4
New Hampshire,2018,1421.6,-10.1,173.2,-12.8,1248.5,-9.7,1.5,39.4,26.5,105.8,136.2,1048.2,64.1,48.5,-20.3,-15.2,-9.6,-29,-6.6,-6
New Hampshire,2019,1361.8,-4.2,152.5,-11.9,1209.2,-3.1,2.4,43.4,23,83.7,126.3,1017.3,65.7,56.8,10.2,-13,-20.9,-7.3,-3,2.5
New Jersey,2006,2643.5,,351.6,,2291.9,,4.9,14.2,153.1,179.4,452,1556.5,283.4,,,,,,,
New Jersey,2007,2542.4,-3.8,329.3,-6.3,2213.1,-3.4,4.4,12.1,144.5,168.3,431.5,1528.8,252.7,-10.8,-14.7,-5.6,-6.2,-4.5,-1.8,-10.8
New Jersey,2008,2619.9,3.1,326.5,-0.8,2293.4,3.6,4.3,12.9,146.3,163,465.3,1595.7,232.4,-1,6.9,1.2,-3.2,7.8,4.4,-8
New Jersey,2009,2391.2,-8.7,311.5,-4.6,2079.7,-9.3,3.7,12,133.7,162.2,427.9,1473.7,178.1,-15.4,-7.5,-8.6,-0.5,-8,-7.6,-23.4
New Jersey,2010,2389.7,-0.1,307.7,-1.2,2081.9,0.1,4.2,11.2,134.4,157.9,440.5,1464.5,176.9,15.2,-6.7,0.6,-2.6,3,-0.6,-0.7
New Jersey,2011,2459.1,2.9,308.4,0.2,2150.7,3.3,4.3,11.4,138.4,154.3,490.2,1463.1,197.4,2.1,2.2,3,-2.3,11.3,-0.1,11.6
New Jersey,2012,2337.5,-4.9,290.2,-5.9,2047.3,-4.8,4.4,11.7,128.4,145.7,477.6,1383.7,185.9,1.6,2.4,-7.2,-5.5,-2.6,-5.4,-5.8
New Jersey,2013,2168.4,-7.2,285.6,-1.6,1882.8,-8,4.5,9.7,135.8,135.6,403.1,1325.2,154.5,2.9,-17.1,5.7,-6.9,-15.6,-4.2,-16.9
New Jersey,2014,1991.7,-8.1,257.6,-9.8,1734.1,-7.9,3.9,10.7,117.5,125.6,354.8,1248.3,131,-13.3,10.2,-13.5,-7.4,-12,-5.8,-15.2
New Jersey,2015,1877.9,-5.7,251.5,-2.4,1626.5,-6.2,4.1,11.4,108.6,127.4,312.1,1182.9,131.5,3.8,6.7,-7.5,1.5,-12,-5.2,0.4
New Jersey,2016,1785.5,-4.9,240.9,-4.2,1544.6,-5,4.2,12.2,100.4,124.2,282.7,1135.2,126.6,2.6,7,-7.5,-2.6,-9.4,-4,-3.7
New Jersey,2017,1784.3,-0.1,228.8,-5,1555.5,0.7,3.6,16.7,87.7,120.8,265.3,1155.1,135.1,-13.5,37.3,-12.7,-2.7,-6.2,1.8,6.7
New Jersey,2018,1613,-9.6,208.1,-9.1,1404.9,-9.7,3.2,16,71.4,117.4,215.9,1065.1,123.9,-10.8,-4.4,-18.5,-2.8,-18.6,-7.8,-8.3
New Jersey,2019,1542.5,-4.4,206.9,-0.6,1335.7,-4.9,2.9,17.2,64.5,122.2,184.6,1034.7,116.4,-8.1,7.8,-9.7,4,-14.5,-2.9,-6.1
New Mexico,2006,4580.4,,643.2,,3937.2,,6.8,56,107.7,472.8,1069.7,2395.5,472,,,,,,,
New Mexico,2007,4390,-4.2,664.2,3.3,3725.7,-5.4,8.2,52.4,117.8,485.8,964.1,2307.9,453.8,21.8,-6.4,9.4,2.8,-9.9,-3.7,-3.9
New Mexico,2008,4559.1,3.9,649.9,-2.2,3909.2,4.9,7.2,57.4,109.5,475.9,1094.2,2411.6,403.4,-13,9.6,-7.1,-2,13.5,4.5,-11.1
New Mexico,2009,4354.8,-4.5,619,-4.8,3735.8,-4.4,8.7,52.6,93.1,464.7,1095.8,2317.8,322.2,21.7,-8.4,-15,-2.4,0.1,-3.9,-20.1
New Mexico,2010,4024.3,-7.6,588.9,-4.9,3435.4,-8,6.9,46.5,78.4,457.1,1020.5,2160.1,254.8,-20.8,-11.5,-15.8,-1.6,-6.9,-6.8,-20.9
New Mexico,2011,4099,1.9,567.5,-3.6,3531.5,2.8,7.5,41.2,82.7,436.2,1028.9,2242.9,259.7,8.6,-11.5,5.5,-4.6,0.8,3.8,1.9
New Mexico,2012,4159.8,1.5,559.1,-1.5,3600.7,2,5.6,45.9,88.6,419.1,1025.3,2313.4,261.9,-25.8,11.5,7.1,-3.9,-0.3,3.1,0.9
New Mexico,2013,4301.5,3.4,596.7,6.7,3704.8,2.9,6,54,86.8,449.9,1029.9,2391.8,283.2,7.8,17.7,-2,7.4,0.4,3.4,8.1
New Mexico,2014,4120.3,-4.2,578,-3.1,3542.3,-4.4,4.8,51.4,100,421.8,887.3,2353.4,301.6,-19.2,-4.9,15.2,-6.2,-13.8,-1.6,6.5
New Mexico,2015,4331.6,5.1,634.2,9.7,3697.4,4.4,5.6,58.3,119.2,451.2,819.4,2469.1,408.9,15.9,13.5,19.2,7,-7.7,4.9,35.6
New Mexico,2016,4619.9,6.7,682.8,7.7,3937.1,6.5,6.7,53.7,131.5,491,830.4,2542.4,564.3,19,-7.9,10.4,8.8,1.3,3,38
New Mexico,2017,4725.2,2.3,783.5,14.7,3941.7,0.1,7.1,60.3,178.3,537.8,858.1,2519.9,563.8,6.1,12.3,35.5,9.5,3.3,-0.9,-0.1
New Mexico,2018,4276.3,-9.5,856.6,9.3,3419.7,-13.2,8,64.6,135.1,648.9,767.8,2166.1,485.8,12.4,7.2,-24.2,20.7,-10.5,-14,-13.8
New Mexico,2019,3945,-7.7,832.2,-2.8,3112.7,-9,8.6,61.4,111.6,650.5,696.8,1988.8,427.2,8.3,-4.9,-17.3,0.2,-9.2,-8.2,-12.1
New York,2006,2487.6,,434.9,,2052.7,,4.8,16.4,178.6,235.1,355.1,1531.1,166.4,,,,,,,
New York,2007,2392.7,-3.8,414.1,-4.8,1978.6,-3.6,4.2,15.2,161.1,233.7,336.1,1497.2,145.3,-13,-7.6,-9.8,-0.6,-5.4,-2.2,-12.7
New York,2008,2391.5,0,398.1,-3.9,1993.5,0.8,4.3,14.4,163,216.4,337.3,1527.3,128.9,3.3,-5.2,1.2,-7.4,0.4,2,-11.3
New York,2009,2320.7,-3,384.7,-3.4,1936,-2.9,4,13.2,144,223.5,321.6,1502.5,111.9,-7.2,-7.9,-11.7,3.3,-4.7,-1.6,-13.1
New York,2010,2333.2,0.5,392.1,1.9,1941.2,0.3,4.5,14.3,146.9,226.4,335.3,1500.4,105.4,12.2,8.1,2.1,1.3,4.3,-0.1,-5.8
New York,2011,2310.5,-1,398.1,1.5,1912.4,-1.5,4,14.1,145.9,234.1,336,1477.2,99.2,-11,-1.1,-0.7,3.4,0.2,-1.5,-5.9
New York,2012,2328.8,0.8,406.8,2.2,1922,0.5,3.5,14.6,146.4,242.3,329.9,1503.5,88.6,-12.1,2.9,0.4,3.5,-1.8,1.8,-10.6
New York,2013,2214.6,-4.9,389.8,-4.2,1824.8,-5.1,3.3,13.1,138.6,234.7,287.2,1458.8,78.8,-5.7,-9.9,-5.3,-3.1,-12.9,-3,-11.1
New York,2014,2092.4,-5.5,374.2,-4,1718.2,-5.8,3.1,19.8,121.8,229.4,257.2,1381.4,79.7,-5.2,51.3,-12.2,-2.3,-10.5,-5.3,1.2
New York,2015,1975.2,-5.6,371.2,-0.8,1604,-6.6,3.1,22.2,120.9,225,223.7,1303,77.4,-1.5,11.7,-0.7,-1.9,-13,-5.7,-2.9
New York,2016,1913.2,-3.1,367.7,-1,1545.6,-3.6,3.2,23.1,113,228.3,201.7,1271,72.9,3.7,4.4,-6.5,1.5,-9.8,-2.5,-5.8
New York,2017,1870.9,-2.2,356.7,-3,1514.2,-2,2.8,31.9,101.3,220.8,176.3,1270.3,67.6,-13.5,37.7,-10.4,-3.3,-12.6,-0.1,-7.3
New York,2018,1791,-4.3,350.5,-1.7,1440.5,-4.9,2.9,33.6,93.1,220.9,159.3,1214,67.2,4.2,5.6,-8.1,0.1,-9.6,-4.4,-0.5
New York,2019,1731.9,-3.3,358.6,2.3,1373.3,-4.7,2.9,33.8,92.9,229,141.9,1166.1,65.3,-0.3,0.6,-0.2,3.7,-11,-3.9,-2.9
North Carolina,2006,4596.4,,475.6,,4120.8,,6.1,28.2,152.2,289.1,1212.7,2567.9,340.2,,,,,,,
North Carolina,2007,4553.7,-0.9,466.4,-1.9,4087.3,-0.8,6.5,26.3,149.5,284.1,1200.7,2577.9,308.6,5.9,-6.6,-1.8,-1.7,-1,0.4,-9.3
North Carolina,2008,4511.4,-0.9,467.3,0.2,4044.1,-1.1,6.5,24.8,155.4,280.6,1210.1,2544,290,1.4,-5.9,4,-1.2,0.8,-1.3,-6
North Carolina,2009,4072.4,-9.7,404.3,-13.5,3668.1,-9.3,5.3,24.6,126.1,248.4,1149.5,2305.2,213.5,-19.6,-0.7,-18.9,-11.5,-5,-9.4,-26.4
North Carolina,2010,3810.7,-6.4,363.4,-10.1,3447.3,-6,5,21.1,100.8,236.5,1076.9,2178.4,192,-5.2,-14.1,-20,-4.8,-6.3,-5.5,-10
North Carolina,2011,3876.6,1.7,349.8,-3.8,3526.8,2.3,5.3,20.7,98.9,224.9,1099.2,2251.2,176.4,5.4,-2.1,-1.9,-4.9,2.1,3.3,-8.1
North Carolina,2012,3722.9,-4,353.4,1,3369.5,-4.5,4.9,20.3,96.3,231.8,1018.5,2185.7,165.3,-6.6,-1.5,-2.6,3.1,-7.3,-2.9,-6.3
North Carolina,2013,3464.7,-6.9,336.6,-4.7,3128,-7.2,4.8,18.5,94.9,218.4,921,2058.7,148.3,-3,-9.1,-1.4,-5.8,-9.6,-5.8,-10.3
North Carolina,2014,3195.7,-7.8,322.7,-4.1,2873.1,-8.2,5.1,17.5,84.6,215.4,798.2,1937.8,137.1,7.7,-5.4,-10.8,-1.4,-13.3,-5.9,-7.6
North Carolina,2015,3089.7,-3.3,339.6,5.2,2750.1,-4.3,5.1,19.3,87.9,227.3,745.2,1871.1,133.8,0.4,10.3,3.8,5.5,-6.6,-3.4,-2.4
North Carolina,2016,3102.2,0.4,364.7,7.4,2737.5,-0.5,6.7,20.6,92,245.5,710.4,1876.2,150.8,29.8,6.5,4.7,8,-4.7,0.3,12.8
North Carolina,2017,2909,-6.2,363.7,-0.3,2545.3,-7,5.8,26.4,91,240.5,630.6,1760.9,153.8,-13.9,28.5,-1.1,-2,-11.2,-6.1,1.9
North Carolina,2018,2871.7,-1.3,377.6,3.8,2494.1,-2,6,25.4,81.1,265.1,599.9,1724.4,169.8,5.1,-4,-10.9,10.2,-4.9,-2.1,10.4
North Carolina,2019,2729.1,-5,371.8,-1.5,2357.3,-5.5,6,31,72.5,262.4,519.1,1666,172.2,-0.4,22.1,-10.7,-1,-13.5,-3.4,1.4
North Dakota,2006,2128.1,,127.9,,2000.3,,1.3,30.4,11.3,84.9,376.3,1464.8,159.2,,,,,,,
North Dakota,2007,2032,-4.5,142.4,11.4,1889.6,-5.5,1.9,32.4,10.9,97.2,338.3,1408.4,142.9,49.1,6.6,-3.4,14.5,-10.1,-3.8,-10.2
North Dakota,2008,2060.9,1.4,166.5,16.9,1894.4,0.3,0.5,36.2,11.2,118.6,328.3,1428.6,137.5,-75.1,11.8,2.6,22,-2.9,1.4,-3.8
North Dakota,2009,2133.4,3.5,200.7,20.5,1932.8,2,1.5,34.8,16.2,148.1,363.9,1437.1,131.7,230.6,-3.8,44.6,24.8,10.8,0.6,-4.2
North Dakota,2010,1993.5,-6.6,225,12.1,1768.5,-8.5,1.5,35.2,13.4,174.8,292.3,1348.5,127.7,-3.8,1.3,-17.6,18.1,-19.7,-6.2,-3
North Dakota,2011,2183.7,9.5,247,9.8,1936.7,9.5,3.5,37.9,13.3,192.3,355.7,1437.7,143.3,136,7.5,-0.6,10,21.7,6.6,12.2
North Dakota,2012,2254.8,3.3,244.7,-0.9,2010.1,3.8,4,38.9,18.7,183.1,339.8,1505.8,164.5,14,2.7,40.7,-4.8,-4.5,4.7,14.8
North Dakota,2013,2350.3,4.2,256.3,4.7,2094,4.2,2.2,31.8,22.4,199.9,405.6,1492.7,195.7,-44.7,-18.2,19.6,9.2,19.4,-0.9,19
North Dakota,2014,2364.2,0.6,254,-0.9,2110.3,0.8,3,37.3,23.4,190.3,366.1,1539.5,204.7,34.5,17.4,4.5,-4.8,-9.7,3.1,4.6
North Dakota,2015,2346.7,-0.7,230.3,-9.3,2116.5,0.3,2.8,36.5,19.6,171.5,395.9,1511.4,209.1,-6.7,-2.3,-16.4,-9.9,8.2,-1.8,2.1
North Dakota,2016,2535.6,8.1,239.7,4.1,2295.9,8.5,2,33.8,23.9,180.1,427.9,1608.9,259.1,-28.7,-7.4,22.1,5,8.1,6.5,23.9
North Dakota,2017,2479.1,-2.2,281.3,17.3,2197.8,-4.3,1.3,52.8,24.2,202.9,389.5,1573.6,234.7,-33.1,56.4,1.4,12.7,-9,-2.2,-9.4
North Dakota,2018,2320.8,-6.4,280.6,-0.2,2040.2,-7.2,2.4,52.2,20.8,205.2,358.4,1448.3,233.5,78.9,-1.1,-14.2,1.1,-8,-8,-0.5
North Dakota,2019,2261.6,-2.6,284.6,1.4,1977,-3.1,3.1,57.3,23.5,200.6,342.2,1399.6,235.2,33,9.8,13,-2.2,-4.5,-3.4,0.7
Ohio,2006,4029,,350.3,,3678.6,,4.7,39.6,166.8,139.2,909.8,2442.8,326.1,,,,,,,
Ohio,2007,3798.5,-5.7,343.2,-2,3455.2,-6.1,4.5,38.8,159.2,140.7,859.1,2301.6,294.6,-4.2,-2,-4.6,1.1,-5.6,-5.8,-9.7
Ohio,2008,3759.9,-1,348.2,1.5,3411.7,-1.3,4.7,38.5,163,142.1,892.8,2270.5,248.4,5.1,-0.9,2.3,1,3.9,-1.4,-15.7
Ohio,2009,3603,-4.2,332.1,-4.6,3270.9,-4.1,4.5,34.8,154.1,138.7,902.9,2169.8,198.3,-4.9,-9.4,-5.5,-2.4,1.1,-4.4,-20.2
Ohio,2010,3560.4,-1.2,315.2,-5.1,3245.2,-0.8,4.1,32.1,142.8,136.2,923.3,2138.8,183.1,-8.2,-8,-7.3,-1.8,2.3,-1.4,-7.7
Ohio,2011,3662,2.9,307.4,-2.5,3354.7,3.4,4.4,31.5,139.1,132.4,976.3,2195.9,182.5,7.7,-1.9,-2.6,-2.8,5.7,2.7,-0.3
Ohio,2012,3417.1,-6.7,299.7,-2.5,3117.4,-7.1,4.3,31.7,132,131.7,895.9,2052.5,169,-3.5,0.7,-5.1,-0.5,-8.2,-6.5,-7.4
Ohio,2013,3203.2,-6.3,275.7,-8,2927.5,-6.1,3.9,24.4,124.2,123.2,790.2,1968.5,168.8,-8.3,-23,-5.9,-6.5,-11.8,-4.1,-0.1
Ohio,2014,3075.8,-4,276.7,0.4,2799.1,-4.4,4,35.3,110,127.4,680,1963.6,155.4,1.8,44.8,-11.4,3.4,-13.9,-0.2,-8
Ohio,2015,2871.1,-6.7,283.3,2.4,2587.7,-7.5,4.3,35.8,108.1,135.1,596.7,1842.6,148.4,7.6,1.2,-1.7,6.1,-12.2,-6.2,-4.5
Ohio,2016,2865.3,-0.2,287.8,1.6,2577.5,-0.4,5.6,35.7,107.8,138.7,575.9,1832.3,169.3,30.8,-0.3,-0.3,2.6,-3.5,-0.6,14.1
Ohio,2017,2716.6,-5.2,297.5,3.4,2419.1,-6.1,6.1,50.3,99.5,141.6,502.4,1743,173.7,8.2,41,-7.7,2.1,-12.8,-4.9,2.6
Ohio,2018,2457.1,-9.6,279.9,-5.9,2177.1,-10,4.8,45.3,78.6,151.2,412.2,1594.6,170.3,-20.8,-9.8,-21.1,6.8,-18,-8.5,-2
Ohio,2019,2348.9,-4.4,293.2,4.7,2055.7,-5.6,4.6,49,75.7,163.9,375.5,1520.4,159.7,-4.6,8.1,-3.7,8.4,-8.9,-4.7,-6.2
Oklahoma,2006,4101.6,,497.4,,3604.2,,5.8,41.6,87.5,362.5,960.5,2270.5,373.2,,,,,,,
Oklahoma,2007,4026,-1.8,499.6,0.4,3526.4,-2.2,6.1,43.1,93.2,357.1,943.3,2211.1,372.1,6.1,3.7,6.5,-1.5,-1.8,-2.6,-0.3
Oklahoma,2008,3969.1,-1.4,526.7,5.4,3442.4,-2.4,5.8,40.2,101.1,379.5,963.1,2180.5,298.7,-5.2,-6.6,8.4,6.3,2.1,-1.4,-19.7
Oklahoma,2009,4074.9,2.7,501.1,-4.9,3573.8,3.8,6.2,41.5,90.7,362.7,1030,2261.7,282.2,6.2,3,-10.3,-4.4,6.9,3.7,-5.5
Oklahoma,2010,3894.9,-4.4,479.5,-4.3,3415.5,-4.4,5.2,38.7,89,346.7,999,2144.8,271.6,-15.9,-6.8,-1.9,-4.4,-3,-5.2,-3.7
Oklahoma,2011,3811,-2.2,454.8,-5.2,3356.2,-1.7,5.5,37,86.6,325.7,958.5,2106.8,290.9,5.5,-4.3,-2.7,-6,-4.1,-1.8,7.1
Oklahoma,2012,3870.3,1.6,469.3,3.2,3401,1.3,5.7,41.6,84.7,337.3,936.6,2161.3,303.1,3.2,12.5,-2.2,3.5,-2.3,2.6,4.2
Oklahoma,2013,3701.8,-4.4,428.1,-8.8,3273.7,-3.7,5.1,43.5,78.7,300.8,866.1,2116.4,291.2,-10.6,4.5,-7.1,-10.8,-7.5,-2.1,-3.9
Oklahoma,2014,3383.8,-8.6,393.1,-8.2,2990.7,-8.6,4.5,32.9,78.6,277,760.9,1956.9,272.9,-10.9,-24.3,-0.2,-7.9,-12.1,-7.5,-6.3
Oklahoma,2015,3295.2,-2.6,409.3,4.1,2885.9,-3.5,6,34.6,76.8,291.9,726.2,1892.5,267.2,32.6,5,-2.2,5.4,-4.6,-3.3,-2.1
Oklahoma,2016,3419.2,3.8,436.3,6.6,2982.9,3.4,6.2,38.5,80.6,311,741.7,1931.4,309.8,4.4,11.3,4.9,6.5,2.1,2.1,16
Oklahoma,2017,3332.6,-2.5,456.2,4.6,2876.4,-3.6,6.2,54.5,76.3,319.3,727.8,1836.9,311.7,-1.4,41.7,-5.3,2.7,-1.9,-4.9,0.6
Oklahoma,2018,3341.1,0.3,466.1,2.2,2875,0,5.2,58.3,70.8,331.8,681.1,1856.8,337,-15.1,7,-7.3,3.9,-6.4,1.1,8.1
Oklahoma,2019,3277.1,-1.9,431.8,-7.4,2845.3,-1,6.7,57.3,59.9,307.9,671.7,1835.5,338.1,28.7,-1.7,-15.4,-7.2,-1.4,-1.1,0.3
Oregon,2006,3952.4,,280.3,,3672.1,,2.3,32.3,72.7,173,645.2,2636.1,390.7,,,,,,,
Oregon,2007,3813.8,-3.5,287.6,2.6,3526.2,-4,1.9,33.5,76.4,175.8,609,2529,388.2,-16.2,3.7,5.1,1.6,-5.6,-4.1,-0.6
Oregon,2008,3539.4,-7.2,257.2,-10.6,3282.2,-6.9,2.2,30.5,69.7,154.8,550.9,2432.3,299,11.1,-8.9,-8.8,-11.9,-9.5,-3.8,-23
Oregon,2009,3221.8,-9,254.7,-1,2967.1,-9.6,2.2,30.5,64.3,157.6,506.5,2202.6,258,2.7,0.1,-7.7,1.8,-8.1,-9.4,-13.7
Oregon,2010,3265,1.3,252,-1.1,3012.9,1.5,2.4,31.7,62.4,155.6,512.6,2267.7,232.6,6.9,3.8,-3,-1.3,1.2,3,-9.8
Oregon,2011,3362.2,3,247.6,-1.8,3114.6,3.4,2.1,31.4,57.4,156.6,528.1,2352.8,233.7,-10.8,-0.8,-8,0.7,3,3.8,0.4
Oregon,2012,3471.8,3.3,247.6,0,3224.2,3.5,2.4,29.2,61.9,154.1,561.7,2400.9,261.7,11.4,-7,7.8,-1.6,6.4,2,12
Oregon,2013,3416.8,-1.6,242.9,-1.9,3173.9,-1.6,2,37.1,61,142.7,528.5,2394.5,250.9,-13.7,27,-1.4,-7.4,-5.9,-0.3,-4.1
Oregon,2014,3101.1,-9.2,222.1,-8.6,2879,-9.3,2,26.5,52.7,140.8,434,2204.6,240.5,0.2,-28.6,-13.6,-1.3,-17.9,-7.9,-4.2
Oregon,2015,3195.8,3.1,249.2,12.2,2946.6,2.3,2.5,28.9,53.3,164.6,455.1,2229.7,261.8,20.4,9,1,16.8,4.9,1.1,8.8
Oregon,2016,3217.7,0.7,253.3,1.7,2964.4,0.6,2.8,30.8,55.6,164.1,412,2230,322.3,12.3,6.6,4.5,-0.3,-9.5,0,23.1
Oregon,2017,3268.2,1.6,281.8,11.2,2986.5,0.7,2.5,48.3,58.7,172.3,427.4,2145.3,413.7,-9.1,56.6,5.5,5,3.7,-3.8,28.4
Oregon,2018,3179.5,-2.7,285.5,1.3,2894,-3.1,2,47.1,60.8,175.6,389.1,2109.9,395.1,-22.1,-2.3,3.6,1.9,-9,-1.7,-4.5
Oregon,2019,3015,-5.2,284.4,-0.4,2730.6,-5.6,2.8,42.2,54,185.5,349.1,2021.5,360,40.6,-10.6,-11.3,5.6,-10.3,-4.2,-8.9
Pennsylvania,2006,2882.9,,439.4,,2443.5,,5.9,27.3,168.6,237.6,463.2,1742.9,237.4,,,,,,,
Pennsylvania,2007,2777.8,-3.6,416.5,-5.2,2361.3,-3.4,5.8,27.7,156.5,226.4,450.6,1697.9,212.8,-1.7,1.5,-7.2,-4.7,-2.7,-2.6,-10.4
Pennsylvania,2008,2820.2,1.5,410,-1.6,2410.2,2.1,5.6,27.9,151.6,224.8,470.9,1758.8,180.5,-3.2,0.7,-3.1,-0.7,4.5,3.6,-15.2
Pennsylvania,2009,2582.2,-8.4,380.5,-7.2,2201.6,-8.7,5.2,29,138.9,207.4,434.7,1625.5,141.4,-6.9,3.7,-8.4,-7.8,-7.7,-7.6,-21.7
Pennsylvania,2010,2539.2,-1.7,366.2,-3.8,2173,-1.3,5.2,26.9,128.8,205.3,434.3,1607.4,131.2,-1.4,-7.2,-7.3,-1,-0.1,-1.1,-7.2
Pennsylvania,2011,2577.3,1.5,355,-3,2222.3,2.3,5,26.1,126.6,197.3,454,1636.1,132.2,-3.4,-3,-1.7,-3.9,4.5,1.8,0.7
Pennsylvania,2012,2515,-2.4,348.7,-1.8,2166.3,-2.5,5.4,26.1,122.8,194.4,445.5,1603.1,117.7,7.4,-0.1,-3,-1.5,-1.9,-2,-10.9
Pennsylvania,2013,2387.3,-5.1,326.6,-6.3,2060.8,-4.9,4.7,20.7,115.6,185.7,407.3,1545.6,107.8,-13.4,-20.8,-5.9,-4.5,-8.6,-3.6,-8.4
Pennsylvania,2014,2237.7,-6.3,306,-6.3,1931.7,-6.3,4.8,21.8,105.8,173.5,357.5,1472.2,102,3.3,5.5,-8.4,-6.5,-12.2,-4.7,-5.4
Pennsylvania,2015,2118.7,-5.3,305.8,0,1812.8,-6.2,5.1,24.4,101.6,174.8,309.8,1408.2,94.8,7,11.9,-4,0.7,-13.3,-4.3,-7.1
Pennsylvania,2016,2049.7,-3.3,307,0.4,1742.7,-3.9,5.2,25.3,96.4,180.1,277.8,1362.8,102.1,0.6,3.7,-5.1,3.1,-10.3,-3.2,7.7
Pennsylvania,2017,1962.7,-4.2,313.3,2.1,1649.4,-5.4,5.8,32.8,92.1,182.6,250.3,1297.7,101.4,11.6,29.7,-4.5,1.4,-9.9,-4.8,-0.6
Pennsylvania,2018,1795.9,-8.5,306,-2.3,1489.9,-9.7,6.1,35,76.9,188,211.6,1175.9,102.4,6.1,6.7,-16.5,2.9,-15.5,-9.4,1
Pennsylvania,2019,1709.8,-4.8,306.4,0.1,1403.4,-5.8,5.2,34,76.1,191.1,182.4,1124.2,96.8,-14.6,-2.9,-1,1.7,-13.8,-4.4,-5.5
Rhode Island,2006,2814.4,,227.5,,2586.9,,2.6,26.7,68.8,129.4,507.2,1744.2,335.5,,,,,,,
Rhode Island,2007,2849.9,1.3,227.3,-0.1,2622.6,1.4,1.8,24.2,71,130.3,495,1822.7,305,-31.5,-9.3,3.1,0.7,-2.4,4.5,-9.1
Rhode Island,2008,3090.1,8.4,249.4,9.8,2840.6,8.3,2.8,26.4,83.7,136.7,547.2,1988.9,304.5,53.7,8.9,17.8,4.9,10.6,9.1,-0.1
Rhode Island,2009,2863.3,-7.3,252.6,1.3,2610.8,-8.1,2.9,27.3,74.6,147.7,545.9,1837.7,227.2,6.7,3.4,-10.8,8.1,-0.2,-7.6,-25.4
Rhode Island,2010,2813.2,-1.8,256.6,1.6,2556.6,-2.1,2.8,28.1,74.1,151.6,581.5,1747.2,227.9,-6.4,3.2,-0.7,2.6,6.5,-4.9,0.3
Rhode Island,2011,2924.3,3.9,247.5,-3.5,2676.8,4.7,1.3,28.9,71,146.3,662.4,1796.8,217.5,-51.7,2.8,-4.2,-3.5,13.9,2.8,-4.6
Rhode Island,2012,2824.7,-3.4,252.4,2,2572.3,-3.9,3.2,27.4,67.9,153.9,566.4,1755.7,250.2,143.1,-5.2,-4.3,5.2,-14.5,-2.3,15
Rhode Island,2013,2686.6,-4.9,244.6,-3.1,2442,-5.1,2.9,29.2,65,147.4,533.2,1696.4,212.4,-8.9,6.5,-4.2,-4.2,-5.9,-3.4,-15.1
Rhode Island,2014,2382.5,-11.3,209,-14.6,2173.6,-11,2.4,24,50.1,132.5,457.1,1542.8,173.7,-19.6,-17.9,-22.9,-10.1,-14.3,-9.1,-18.2
Rhode Island,2015,2128.6,-10.7,231.1,10.6,1897.5,-12.7,2.7,32,52.6,143.7,373.7,1392.3,131.5,15.9,33.5,5,8.5,-18.3,-9.8,-24.3
Rhode Island,2016,2126.8,-0.1,228.1,-1.3,1898.7,0.1,2.7,31,51.1,143.2,358.6,1389,151.1,0,-3,-2.9,-0.3,-4,-0.2,14.9
Rhode Island,2017,1983.8,-6.7,232.2,1.8,1751.6,-7.7,1.9,42,44.7,143.5,303.6,1308.1,140,-31.2,35.3,-12.5,0.2,-15.3,-5.8,-7.4
Rhode Island,2018,1880,-5.2,219.1,-5.6,1660.9,-5.2,1.5,45.5,42.9,129.2,265.8,1250.3,144.8,-19.8,8.3,-4,-10,-12.5,-4.4,3.5
Rhode Island,2019,1755.9,-6.6,221.1,0.9,1534.8,-7.6,2.4,46.3,39.5,132.9,219.1,1187.5,128.2,55.9,1.9,-8.1,2.9,-17.6,-5,-11.5
South Carolina,2006,5007.8,,765.5,,4242.3,,8.3,40.8,136.5,579.9,989.8,2873,379.6,,,,,,,
South Carolina,2007,5060,1,788.3,3,4271.7,0.7,8,39.5,144,596.9,1025.8,2859.6,386.3,-3.9,-3.2,5.5,2.9,3.6,-0.5,1.8
South Carolina,2008,4963.9,-1.9,729.7,-7.4,4234.2,-0.9,6.8,36.6,147.3,539.1,1026.1,2814.1,394,-14.7,-7.3,2.3,-9.7,0,-1.6,2
South Carolina,2009,4559.4,-8.1,670.8,-8.1,3888.6,-8.2,6.3,35.3,125.7,503.4,992.8,2598.4,297.4,-7.6,-3.3,-14.6,-6.6,-3.2,-7.7,-24.5
South Carolina,2010,4498.1,-1.3,597.7,-10.9,3900.4,0.3,6.1,31.7,107.7,452.3,997.9,2617.2,285.3,-3.8,-10.3,-14.3,-10.2,0.5,0.7,-4.1
South Carolina,2011,4476.1,-0.5,571.9,-4.3,3904.2,0.1,6.8,34.5,92.2,438.4,1002.8,2609.4,292,13,8.7,-14.4,-3.1,0.5,-0.3,2.3
South Carolina,2012,4381,-2.1,558.8,-2.3,3822.2,-2.1,6.9,35.5,95,421.4,954.5,2588.3,279.5,0.3,3.2,3.1,-3.9,-4.8,-0.8,-4.3
South Carolina,2013,4119,-6,494.8,-11.5,3624.2,-5.2,6.2,31.8,83.2,373.6,857.8,2502.9,263.5,-9.3,-10.6,-12.5,-11.3,-10.1,-3.3,-5.7
South Carolina,2014,3945.8,-4.2,485.5,-1.9,3460.3,-4.5,6.4,30.6,82.7,365.8,759.9,2433.4,267,3.5,-3.7,-0.6,-2.1,-11.4,-2.8,1.3
South Carolina,2015,3785.7,-4.1,492.4,1.4,3293.3,-4.8,8.1,34.9,80.3,369.1,705.7,2322.7,264.9,26.6,13.8,-2.9,0.9,-7.1,-4.5,-0.8
South Carolina,2016,3732,-1.4,488.2,-0.9,3243.8,-1.5,7.4,34.5,81.3,365,664.7,2298.5,280.6,-9.5,-1.1,1.3,-1.1,-5.8,-1,5.9
South Carolina,2017,3702.1,-0.8,506.2,3.7,3195.9,-1.5,7.8,49.8,77,371.5,623.1,2289.1,283.8,5.2,44.5,-5.3,1.8,-6.3,-0.4,1.1
South Carolina,2018,3505.9,-5.3,488.3,-3.5,3017.6,-5.6,7.7,47.9,69.9,362.8,579.7,2156,281.9,-0.7,-3.9,-9.3,-2.4,-7,-5.8,-0.7
South Carolina,2019,3451.6,-1.6,511.3,4.7,2940.3,-2.6,9,47.8,64,390.5,533.4,2116.1,290.8,16.9,-0.2,-8.5,7.6,-8,-1.9,3.2
South Dakota,2006,1791,,171.4,,1619.6,,1.2,43,15.2,112,338.9,1188.9,91.8,,,,,,,
South Dakota,2007,1821.5,1.7,169.2,-1.3,1652.3,2,2.1,38.7,14.1,114.3,298.7,1261.3,92.3,85.5,-10,-7.6,2,-11.9,6.1,0.5
South Dakota,2008,1847.1,1.4,201.4,19.1,1645.6,-0.4,3.2,53.7,14.9,129.6,302.2,1244,99.5,51.4,38.9,6.1,13.4,1.2,-1.4,7.8
South Dakota,2009,1905,3.1,185.6,-7.9,1719.4,4.5,2.6,54.8,13.7,114.6,305.2,1314.2,100.1,-20,2,-8.4,-11.6,1,5.6,0.6
South Dakota,2010,2120.9,11.3,268.5,44.6,1852.4,7.7,2.8,47.9,18.9,198.9,390.7,1364.1,97.6,9.3,-12.6,38.4,73.5,28,3.8,-2.4
South Dakota,2011,2071.8,-2.3,254.1,-5.4,1817.7,-1.9,2.5,60.2,20.3,171.1,351.8,1351.1,114.8,-9.8,25.7,7.1,-14,-10,-1,17.6
South Dakota,2012,2381.9,15,321.8,26.7,2060.1,13.3,3,70.2,19,229.7,391,1541.4,127.8,17.7,16.6,-6.4,34.2,11.1,14.1,11.3
South Dakota,2013,2213.5,-7.1,298.7,-7.2,1914.7,-7.1,2.4,41.3,18.8,236.2,399.1,1404.6,111,-21.1,-41.2,-0.7,2.9,2.1,-8.9,-13.1
South Dakota,2014,2183.7,-1.3,319.9,7.1,1863.9,-2.7,2.3,48.4,23.4,245.7,330.3,1415.5,118,-1,17.2,24.6,4,-17.2,0.8,6.3
South Dakota,2015,2319.8,6.2,376.8,17.8,1943,4.2,3.7,51.4,25.2,296.6,344.8,1459.8,138.4,59,6.1,7.3,20.7,4.4,3.1,17.2
South Dakota,2016,2384,2.8,403.4,7,1980.6,1.9,3.1,43.8,31.4,325,346.6,1460.4,173.6,-16.3,-14.8,24.9,9.6,0.5,0,25.4
South Dakota,2017,2309.9,-3.1,433.6,7.5,1876.2,-5.3,2.9,68.4,27.4,335,311.3,1405.9,159,-7.9,56.2,-12.9,3.1,-10.2,-3.7,-8.4
South Dakota,2018,2133.3,-7.6,404.7,-6.7,1728.7,-7.9,1.4,69.6,29.7,304,291.4,1264.5,172.7,-52.7,1.7,8.5,-9.2,-6.4,-10.1,8.6
South Dakota,2019,2170,1.7,399,-1.4,1771,2.4,1.9,72.6,22,302.5,299.1,1273.4,198.5,41.3,4.3,-25.8,-0.5,2.6,0.7,14.9
Tennessee,2006,4888.5,,760.2,,4128.3,,6.8,35.5,184.3,533.7,1040.9,2713.2,374.1,,,,,,,
Tennessee,2007,4841.9,-1,753.3,-0.9,4088.6,-1,6.4,35.3,179,532.5,1002.4,2734.4,351.8,-4.8,-0.4,-2.9,-0.2,-3.7,0.8,-6
Tennessee,2008,4765,-1.6,722.4,-4.1,4042.6,-1.1,6.6,33.2,173.8,508.9,1046,2687.3,309.3,1.8,-6,-2.9,-4.4,4.3,-1.7,-12.1
Tennessee,2009,4421.8,-7.2,667.7,-7.6,3754.1,-7.1,7.3,31.7,153.2,475.5,1010.9,2505.4,237.8,11.5,-4.6,-11.8,-6.6,-3.4,-6.8,-23.1
Tennessee,2010,4271.2,-3.4,613.3,-8.1,3657.9,-2.6,5.6,33.7,131.8,442.2,1012.2,2411.9,233.8,-23.2,6.4,-14,-7,0.1,-3.7,-1.7
Tennessee,2011,4204.1,-1.6,608.2,-0.8,3595.9,-1.7,5.8,31.6,126.2,444.5,979.9,2396.8,219.2,3.5,-6.2,-4.3,0.5,-3.2,-0.6,-6.2
Tennessee,2012,4014.9,-4.5,643.6,5.8,3371.4,-6.2,6,31.5,126.5,479.6,870.2,2300.1,201,3.2,-0.4,0.3,7.9,-11.2,-4,-8.3
Tennessee,2013,3760.5,-6.3,579.7,-9.9,3180.9,-5.7,5,25.3,112.5,436.9,785.1,2213.7,182.1,-16,-19.7,-11.1,-8.9,-9.8,-3.8,-9.4
Tennessee,2014,3658.8,-2.7,598.2,3.2,3060.6,-3.8,5.7,28.4,110.9,453.2,712.2,2156,192.4,12.2,12.4,-1.4,3.7,-9.3,-2.6,5.7
Tennessee,2015,3537.5,-3.3,601.3,0.5,2936.2,-4.1,6.2,29.8,113.2,452.2,655.2,2086,195,8.6,4.8,2.1,-0.2,-8,-3.3,1.4
Tennessee,2016,3476.2,-1.7,622.1,3.4,2854.1,-2.8,7.3,29.9,117.5,467.3,606.1,2020.7,227.3,18.8,0.5,3.7,3.4,-7.5,-3.1,16.6
Tennessee,2017,3592.1,3.3,651.5,4.7,2940.6,3,7.8,43.7,117.1,482.9,576.5,2088.3,275.8,7.4,45.9,-0.3,3.3,-4.9,3.3,21.3
Tennessee,2018,3449.1,-4,623.7,-4.3,2825.4,-3.9,7.4,41.7,106.2,468.5,489.4,2034.1,301.9,-6.3,-4.6,-9.3,-3,-15.1,-2.6,9.5
Tennessee,2019,3247.8,-5.8,595.2,-4.6,2652.6,-6.1,7.3,41.2,90.1,456.7,437.4,1934.4,280.9,-0.9,-1.1,-15.2,-2.5,-10.6,-4.9,-7
Texas,2006,4597.8,,516.3,,4081.5,,5.9,35.6,158.5,316.4,917.3,2758.2,405.9,,,,,,,
Texas,2007,4631.8,0.7,510.6,-1.1,4121.2,1,5.9,35.3,162.2,307.2,955.1,2773.3,392.8,0.9,-0.9,2.3,-2.9,4.1,0.5,-3.2
Texas,2008,4493.5,-3,507.9,-0.5,3985.6,-3.3,5.6,32.9,155.2,314.1,946,2688.8,350.8,-4.9,-6.7,-4.3,2.3,-1,-3,-10.7
Texas,2009,4506.5,0.3,490.9,-3.3,4015.5,0.8,5.4,33.4,153.5,298.7,969.4,2737.2,308.9,-5.1,1.5,-1.1,-4.9,2.5,1.8,-11.9
Texas,2010,4233.3,-6.1,450.3,-8.3,3783,-5.8,5,30.3,130.6,284.4,909.1,2603.3,270.5,-7.3,-9.4,-14.9,-4.8,-6.2,-4.9,-12.4
Texas,2011,3880.8,-8.3,408.5,-9.3,3472.3,-8.2,4.4,29,110.6,264.5,838.3,2387.3,246.7,-11.7,-4.4,-15.3,-7,-7.8,-8.3,-8.8
Texas,2012,3770.4,-2.8,408.6,0,3361.8,-3.2,4.4,29.6,116.6,258,785.9,2326.4,249.4,0.1,2.1,5.4,-2.5,-6.2,-2.6,1.1
Texas,2013,3658,-3,399.8,-2.2,3258.2,-3.1,4.3,28.4,120.2,246.9,721.8,2287.8,248.6,-1.9,-4.1,3.1,-4.3,-8.2,-1.7,-0.3
Texas,2014,3413.6,-6.7,394.2,-1.4,3019.4,-7.3,4.4,30.6,115.7,243.6,627.8,2137.3,254.3,2,7.7,-3.8,-1.3,-13,-6.6,2.3
Texas,2015,3231.4,-5.3,400.1,1.5,2831.3,-6.2,4.8,32.5,116.3,246.6,557.2,2028.5,245.7,9.1,6.3,0.5,1.2,-11.2,-5.1,-3.4
Texas,2016,3181.6,-1.5,421.8,5.4,2759.8,-2.5,5.3,35.4,119.6,261.6,533.8,1978.1,247.8,10.7,8.9,2.9,6.1,-4.2,-2.5,0.9
Texas,2017,3001.5,-5.7,438.9,4.1,2562.6,-7.1,5,51.1,114,268.8,473.7,1848.5,240.4,-6,44.5,-4.7,2.8,-11.3,-6.6,-3
Texas,2018,2778.1,-7.4,410.9,-6.4,2367.2,-7.6,4.6,51.2,98.4,256.6,410.8,1713.1,243.2,-7.7,0.1,-13.6,-4.5,-13.3,-7.3,1.2
Texas,2019,2809.6,1.1,418.9,2,2390.7,1,4.9,51.1,100,263,392.8,1730.6,267.2,5.5,-0.1,1.6,2.5,-4.4,1,9.9
Utah,2006,3740.8,,224.4,,3516.4,,1.8,34.1,48.8,139.7,576.5,2614.5,325.4,,,,,,,
Utah,2007,3735,-0.2,234.8,4.6,3500.3,-0.5,2.2,34.3,53.7,144.6,587.5,2579.7,333.1,21.5,0.7,9.9,3.5,1.9,-1.3,2.4
Utah,2008,3579.2,-4.2,221.8,-5.5,3357.4,-4.1,1.4,32.6,51.9,135.8,536.5,2557.9,262.9,-35,-4.9,-3.3,-6,-8.7,-0.8,-21.1
Utah,2009,3488.1,-2.5,212.7,-4.1,3275.4,-2.4,1.3,32.5,46.6,132.3,544.4,2483,247.9,-6.8,-0.4,-10.2,-2.6,1.5,-2.9,-5.7
Utah,2010,3392.3,-2.7,212.7,0,3179.6,-2.9,1.9,34.3,45.9,130.6,543.3,2421,215.2,44.3,5.5,-1.7,-1.2,-0.2,-2.5,-13.2
Utah,2011,3168.1,-6.6,195,-8.3,2973.1,-6.5,1.9,30.3,38.4,124.4,465.8,2287.8,219.5,0,-11.6,-16.4,-4.7,-14.3,-5.5,2
Utah,2012,3197.6,0.9,205.8,5.5,2991.8,0.6,1.8,33,38.5,132.5,453.3,2328.4,210.1,-8.6,8.9,0.4,6.5,-2.7,1.8,-4.3
Utah,2013,3159.6,-1.2,209.2,1.7,2950.4,-1.4,1.7,34.3,42.8,130.4,459.6,2233.4,257.3,-3.5,3.8,11.2,-1.5,1.4,-4.1,22.5
Utah,2014,3076.8,-2.6,198.3,-5.2,2878.5,-2.4,2.3,32.1,44.6,119.4,391.4,2239.1,248,34.8,-6.3,4,-8.5,-14.8,0.3,-3.6
Utah,2015,3197.8,3.9,217.8,9.8,2980,3.5,1.8,36.6,44.3,135.1,416.2,2273.2,290.6,-20.8,14.1,-0.7,13.1,6.3,1.5,17.2
Utah,2016,3181.1,-0.5,229.5,5.4,2951.5,-1,2.4,36.6,50.5,140.1,420.7,2223.2,307.7,30.9,-0.2,14.1,3.7,1.1,-2.2,5.9
Utah,2017,3019.1,-5.1,238.9,4.1,2780.2,-5.8,2.4,54.7,47.3,134.5,381,2092.1,307.2,-0.3,49.6,-6.3,-4,-9.4,-5.9,-0.2
Utah,2018,2610.6,-13.5,233.1,-2.4,2377.5,-14.5,1.9,55.5,39.1,136.6,315.3,1817.7,244.5,-19.3,1.4,-17.4,1.6,-17.2,-13.1,-20.4
Utah,2019,2404.9,-7.9,235.6,1.1,2169.3,-8.8,2.2,56.8,35.1,141.4,276.7,1682.4,210.2,18.3,2.5,-10.3,3.5,-12.3,-7.4,-14
Vermont,2006,2441.2,,136.6,,2304.7,,1.9,24,17.6,93,528.9,1681.8,93.9,,,,,,,
Vermont,2007,2447,0.2,124.3,-9,2322.7,0.8,1.9,19.8,12.9,89.7,500,1719.6,103.2,0.4,-17.6,-27,-3.6,-5.5,2.2,9.9
Vermont,2008,2674.4,9.3,135.9,9.3,2538.5,9.3,2.7,20.4,14.3,98.3,557.2,1887.1,94.2,41.7,3.2,11.2,9.7,11.5,9.7,-8.7
Vermont,2009,2532.8,-5.3,131.4,-3.3,2401.4,-5.4,1.1,19.9,17.9,92.5,555.2,1774.2,72.1,-58.9,-2.4,24.6,-6,-0.4,-6,-23.5
Vermont,2010,2412.5,-4.8,130.2,-0.9,2282.3,-5,1.1,21.1,11.8,96.2,537.9,1673.9,70.5,-0.6,5.8,-33.8,4,-3.1,-5.7,-2.2
Vermont,2011,2444.2,1.3,135.2,3.8,2309,1.2,1.3,19,13.6,101.4,581.5,1647.7,79.7,14.2,-9.9,14.7,5.4,8.1,-1.6,13
Vermont,2012,2541.3,4,142.6,5.5,2398.7,3.9,1.3,19.3,17.9,104.2,633.4,1695.8,69.5,0.1,1.7,31.9,2.7,8.9,2.9,-12.8
Vermont,2013,2329.1,-8.4,114.9,-19.5,2214.2,-7.7,1.6,14.5,11.6,87.1,528.7,1632.2,53.3,24.9,-24.9,-34.9,-16.3,-16.5,-3.8,-23.3
Vermont,2014,1621.9,-30.4,97.5,-15.1,1524.4,-31.2,1.6,15.8,11.2,68.9,324.6,1160.8,38.9,0,8.8,-4.1,-20.9,-38.6,-28.9,-26.9
Vermont,2015,1522.3,-6.1,115.6,18.6,1406.6,-7.7,1.6,19.3,16.1,78.6,314.4,1063.8,28.4,0.1,22.3,44.4,14,-3.2,-8.4,-27
Vermont,2016,1847.1,21.3,149.7,29.4,1697.4,20.7,2.2,19.9,17,110.6,336.7,1315.6,45.1,40.3,2.7,5.2,40.8,7.1,23.7,58.8
Vermont,2017,1602.5,-13.2,165.8,10.8,1436.7,-15.4,2.2,35,14.8,113.8,297.3,1108.3,31.1,0.2,76.1,-13.1,2.9,-11.7,-15.8,-31.1
Vermont,2018,1455.1,-9.2,172,3.7,1283.1,-10.7,1.6,45.8,11.2,113.4,234.2,1008.5,40.4,-28.9,31.1,-24.2,-0.4,-21.2,-9,29.9
Vermont,2019,1626.6,11.8,202.2,17.6,1424.4,11,1.8,44.6,11.4,144.6,204.3,1172.3,47.8,10.4,-2.8,1.8,27.5,-12.8,16.2,18.2
Virginia,2006,2760.4,,282.2,,2478.2,,5.2,23.4,101.4,152.1,417.6,1866.8,193.8,,,,,,,
Virginia,2007,2736.1,-0.9,269.7,-4.4,2466.4,-0.5,5.3,22.6,99.2,142.6,410.9,1873.3,182.2,0.8,-3.5,-2.2,-6.3,-1.6,0.3,-6
Virginia,2008,2774,1.4,255.9,-5.1,2518.1,2.1,4.7,22.6,95.7,132.8,411.8,1935.6,170.7,-10,0,-3.5,-6.8,0.2,3.3,-6.3
Virginia,2009,2655.6,-4.3,226.8,-11.4,2428.8,-3.5,4.4,19.2,79.4,123.9,400.6,1883.4,144.9,-7.1,-15.3,-17.1,-6.7,-2.7,-2.7,-15.1
Virginia,2010,2540.7,-4.3,213.6,-5.8,2327.2,-4.2,4.6,19.1,70.7,119.1,382.8,1812.5,131.8,4.8,-0.1,-10.9,-3.9,-4.4,-3.8,-9
Virginia,2011,2446.3,-3.7,196.7,-7.9,2249.6,-3.3,3.7,19,67.1,106.9,377.9,1751.6,120.1,-18.9,-0.9,-5.1,-10.3,-1.3,-3.4,-8.9
Virginia,2012,2352.2,-3.8,190.1,-3.3,2162.1,-3.9,3.8,17.7,57.5,111.1,360.5,1690.7,110.9,2.5,-6.5,-14.3,3.9,-4.6,-3.5,-7.7
Virginia,2013,2253.9,-4.2,187.9,-1.2,2065.9,-4.4,3.8,19.1,55.3,109.7,322.5,1640.1,103.3,-0.3,7.9,-3.9,-1.2,-10.5,-3,-6.8
Virginia,2014,2116,-6.1,185.7,-1.2,1930.3,-6.6,4.1,17.2,51.5,112.9,277.7,1560.5,92.1,6.1,-10.1,-6.7,2.9,-13.9,-4.9,-10.9
Virginia,2015,2052,-3,185.5,-0.1,1866.5,-3.3,4.6,17.8,53,110.2,254.6,1515.2,96.8,12.5,3.6,2.8,-2.4,-8.3,-2.9,5.1
Virginia,2016,2067.8,0.8,208.4,12.3,1859.4,-0.4,5.8,23.4,57.1,122.2,238,1505.1,116.4,25.9,31.2,7.8,10.9,-6.5,-0.7,20.3
Virginia,2017,2001,-3.2,208.2,-0.1,1792.9,-3.6,5.3,33.8,51.1,117.9,218,1454.7,120.1,-7,44.6,-10.4,-3.5,-8.4,-3.3,3.2
Virginia,2018,1865.7,-6.8,200,-3.9,1665.8,-7.1,4.6,34.3,42.3,118.7,182.8,1356.4,126.5,-14.2,1.6,-17.3,0.7,-16.1,-6.8,5.4
Virginia,2019,1850.7,-0.8,208,4,1642.7,-1.4,5,33,41.3,128.7,162.8,1359.5,120.3,8.7,-3.9,-2.4,8.4,-10.9,0.2,-4.9
Washington,2006,4825.9,,345.9,,4480,,3,42.9,100.1,199.8,911.6,2850.7,717.6,,,,,,,
Washington,2007,4363.9,-9.6,333.1,-3.7,4030.8,-10,2.7,40.6,93.6,196.2,814.8,2634.4,581.6,-10,-5.3,-6.6,-1.8,-10.6,-7.6,-19
Washington,2008,4089.6,-6.3,331.2,-0.6,3758.4,-6.8,2.9,40.1,96.9,191.2,801.3,2524.6,432.6,9.6,-1.3,3.6,-2.5,-1.7,-4.2,-25.6
Washington,2009,3997.8,-2.2,331,-0.1,3666.9,-2.4,2.7,38.1,100.5,189.7,792.2,2519.4,355.3,-8.4,-5.1,3.7,-0.8,-1.1,-0.2,-17.9
Washington,2010,4020.4,0.6,313.8,-5.2,3706.6,1.1,2.3,38.1,88.2,185.3,820.3,2503.7,382.6,-15.8,0,-12.3,-2.3,3.6,-0.6,7.7
Washington,2011,3869.2,-3.8,294.6,-6.1,3574.6,-3.6,2.4,33.5,82.5,176.1,827.7,2383.3,363.6,4.9,-12,-6.4,-4.9,0.9,-4.8,-5
Washington,2012,3954.2,2.2,295.6,0.3,3658.6,2.3,3,31.8,83.3,177.5,880.5,2395.3,382.8,25.9,-5.2,0.9,0.8,6.4,0.5,5.3
Washington,2013,3988.3,0.9,277.9,-6,3710.3,1.4,2.3,25.8,83.5,166.4,837,2465.9,407.4,-23.2,-18.9,0.2,-6.2,-4.9,2.9,6.4
Washington,2014,3983.8,-0.1,277.7,-0.1,3706.1,-0.1,2.5,30.7,79.9,164.7,783,2489.1,434,7.4,19.3,-4.3,-1.1,-6.5,0.9,6.5
Washington,2015,3741.1,-6.1,277.3,-0.2,3463.8,-6.5,2.9,30.6,76,167.8,711.2,2378,374.7,19.4,-0.5,-4.9,1.9,-9.2,-4.5,-13.7
Washington,2016,3785.1,1.2,291,4.9,3494.1,0.9,2.7,31,77.5,179.7,674.8,2376.3,443,-9.1,1.3,2,7.1,-5.1,-0.1,18.2
Washington,2017,3478,-8.1,304.5,4.6,3173.6,-9.2,3.1,44,72.8,184.6,590.4,2194.4,388.8,16.1,41.8,-6.1,2.7,-12.5,-7.7,-12.2
Washington,2018,3257.6,-6.3,311.5,2.3,2946.2,-7.2,3.1,45.3,73.9,189.1,533.5,2045.4,367.3,0.8,3,1.6,2.4,-9.6,-6.8,-5.5
Washington,2019,2975.8,-8.7,293.9,-5.7,2681.9,-9,2.6,43.8,67.6,179.9,453.6,1907.9,320.5,-17,-3.4,-8.6,-4.9,-15,-6.7,-12.8
West Virginia,2006,2901.3,,279.7,,2621.5,,4.1,21.4,46.9,207.3,634.1,1771.8,215.6,,,,,,,
West Virginia,2007,2800.2,-3.5,275.2,-1.6,2525,-3.7,3.5,20.4,47,204.3,596.8,1735.5,192.7,-14.4,-4.8,0.2,-1.5,-5.9,-2.1,-10.6
West Virginia,2008,2842.4,1.5,273.8,-0.5,2568.6,1.7,3.3,20,49,201.5,609.9,1782.2,176.6,-6.4,-2,4.2,-1.3,2.2,2.7,-8.4
West Virginia,2009,2823.3,-0.7,296.5,8.3,2526.7,-1.6,4.6,23.8,50.4,217.7,656.7,1719.4,150.6,39.6,19.3,2.8,8,7.7,-3.5,-14.7
West Virginia,2010,2554.2,-9.5,314.6,6.1,2239.6,-11.4,3.3,19.1,44.7,247.5,580.5,1531.7,127.4,-27.5,-19.7,-11.3,13.7,-11.6,-10.9,-15.4
West Virginia,2011,2589.8,1.4,315.9,0.4,2273.9,1.5,4.3,20.9,49,241.6,603.2,1549.2,121.5,28.9,9.5,9.8,-2.4,3.9,1.1,-4.7
West Virginia,2012,2681.2,3.5,316.3,0.1,2364.9,4,3.9,22.7,45.2,244.6,608.5,1637.3,119.1,-10,8.5,-7.9,1.2,0.9,5.7,-2
West Virginia,2013,2393.6,-10.7,289.7,-8.4,2103.9,-11,3.3,24.6,35.1,226.7,521.7,1478.9,103.3,-15.2,8.4,-22.3,-7.3,-14.3,-9.7,-13.2
West Virginia,2014,2324.8,-2.9,290.1,0.2,2034.7,-3.3,4,15.4,35.2,235.5,484.9,1447.3,102.5,21.6,-37.4,0.2,3.9,-7,-2.1,-0.8
West Virginia,2015,2344.2,0.8,324.2,11.8,2020,-0.7,3.8,22.8,41.2,256.4,497.3,1401.3,121.4,-5.1,47.9,17.1,8.9,2.5,-3.2,18.5
West Virginia,2016,2395,2.2,347.8,7.3,2047.2,1.3,4.4,25.6,39.3,278.5,507.9,1402.3,137,16.5,12.2,-4.6,8.6,2.2,0.1,12.9
West Virginia,2017,2202.7,-8,350.7,0.8,1852,-9.5,4.7,43.8,28.9,273.4,420.1,1266.6,165.3,5.8,71.3,-26.6,-1.8,-17.3,-9.7,20.7
West Virginia,2018,1775.5,-19.4,289.9,-17.3,1485.6,-19.8,3.7,36.1,31.7,218.5,296.5,1049.6,139.5,-20.7,-17.5,9.8,-20.1,-29.4,-17.1,-15.6
West Virginia,2019,1900,7,316.6,9.2,1583.4,6.6,4.4,42.1,21.1,249.1,328.7,1119.7,135,17.3,16.5,-33.4,14,10.9,6.7,-3.2
Wisconsin,2006,3101.8,,284,,2817.8,,3,20.4,100.2,160.6,485.8,2079.5,252.5,,,,,,,
Wisconsin,2007,3128.6,0.9,290.9,2.4,2837.7,0.7,3.3,21.8,97.7,168.1,497,2100.9,239.8,10.7,7.3,-2.5,4.7,2.3,1,-5
Wisconsin,2008,3030.4,-3.1,274,-5.8,2756.4,-2.9,2.6,19.9,91.1,160.4,488.3,2063.4,204.7,-20.6,-8.9,-6.8,-4.6,-1.8,-1.8,-14.6
Wisconsin,2009,2865.2,-5.5,257,-6.2,2608.2,-5.4,2.5,19.6,85.8,149.1,472.9,1977.4,157.8,-1.8,-1.5,-5.8,-7.1,-3.2,-4.2,-22.9
Wisconsin,2010,2756.4,-3.8,248.7,-3.2,2507.7,-3.9,2.7,20.9,79.2,145.9,467.1,1897.5,143.1,7,6.5,-7.7,-2.2,-1.2,-4,-9.3
Wisconsin,2011,2669.6,-3.1,236.9,-4.7,2432.7,-3,2.4,20.4,78.2,135.9,466.7,1821.9,144.1,-12.6,-2.4,-1.2,-6.8,-0.1,-4,0.7
Wisconsin,2012,2734.3,2.4,280.5,18.4,2453.8,0.9,3,21.3,80.7,175.5,488,1822.3,143.5,26.9,4.5,3.2,29.1,4.6,0,-0.4
Wisconsin,2013,2459.8,-10,271.1,-3.4,2188.7,-10.8,2.8,22.6,84.2,161.6,424,1636,128.6,-6.6,6,4.3,-7.9,-13.1,-10.2,-10.3
Wisconsin,2014,2369.9,-3.7,281.5,3.8,2088.3,-4.6,2.9,20.3,88,170.4,368.5,1547.6,172.3,1.6,-10.1,4.5,5.5,-13.1,-5.4,33.9
Wisconsin,2015,2270.1,-4.2,296.1,5.2,1974,-5.5,4.2,21.2,90.7,180.1,338.8,1444.8,190.3,45.1,4.5,3,5.7,-8.1,-6.6,10.5
Wisconsin,2016,2230.2,-1.8,296.9,0.3,1933.3,-2.1,4,25.2,81.4,186.3,336.1,1424.8,172.3,-4.7,19,-10.2,3.4,-0.8,-1.4,-9.5
Wisconsin,2017,2128.2,-4.6,319.9,7.7,1808.3,-6.5,3.2,36.9,75,204.8,303.7,1341.3,163.4,-19,46.3,-7.9,9.9,-9.7,-5.9,-5.2
Wisconsin,2018,1855.3,-12.8,295.4,-7.6,1559.9,-13.7,3,38.7,60,193.7,242.5,1168.9,148.5,-5.7,4.8,-20,-5.4,-20.1,-12.9,-9.1
Wisconsin,2019,1764.6,-4.9,293.2,-0.8,1471.4,-5.7,3,38.8,51.4,200,217.6,1127,126.8,-0.7,0.4,-14.4,3.2,-10.3,-3.6,-14.6
Wyoming,2006,3220.2,,239.6,,2980.6,,1.7,27.2,14,196.7,450.5,2379.4,150.7,,,,,,,
Wyoming,2007,3105.2,-3.6,239.3,-0.1,2865.9,-3.8,3.1,30.6,16.1,189.5,449.1,2264.6,152.2,75.1,12.6,14.9,-3.6,-0.3,-4.8,1
Wyoming,2008,2949.3,-5,232,-3,2717.3,-5.2,1.9,33.8,16.1,180.2,410,2173.4,133.9,-38.7,10.4,0.5,-4.9,-8.7,-4,-12.1
Wyoming,2009,2865.5,-2.8,228.2,-1.7,2637.3,-2.9,2.4,33.8,14.1,177.9,409.7,2085.9,141.7,27.2,0,-12.4,-1.3,-0.1,-4,5.8
Wyoming,2010,2657.4,-7.3,195.9,-14.2,2461.6,-6.7,1.4,29.1,13.5,151.9,381.3,1975.4,104.9,-40.6,-13.9,-4.7,-14.6,-6.9,-5.3,-26
Wyoming,2011,2485.8,-6.5,219.3,12,2266.4,-7.9,3.2,25.7,12.5,177.9,327.9,1846.8,91.7,123.2,-11.7,-7.3,17.2,-14,-6.5,-12.5
Wyoming,2012,2495.3,0.4,201.4,-8.2,2293.8,1.2,2.4,26.7,10.6,161.7,368.7,1823.9,101.3,-23.3,4,-15.3,-9.1,12.4,-1.2,10.5
Wyoming,2013,2396.1,-4,197.7,-1.8,2198.4,-4.2,2.9,24.7,12.9,157.2,335.5,1763.6,99.2,20.1,-7.5,21.6,-2.8,-9,-3.3,-2.1
Wyoming,2014,2152,-10.2,187.3,-5.3,1964.7,-10.6,2.7,21.6,9.1,153.9,289.1,1572.4,103.2,-6.1,-12.7,-29.5,-2.1,-13.8,-10.8,4.1
Wyoming,2015,2116.5,-1.6,214,14.2,1902.6,-3.2,2.7,21.3,10.1,179.8,300.6,1500.9,101,-0.3,-1.1,10.9,16.9,4,-4.5,-2.2
Wyoming,2016,2192.1,3.6,234.8,9.8,1957.3,2.9,3.4,25.6,10.1,195.7,302.5,1518.2,136.6,25.1,20.1,0.1,8.8,0.6,1.2,35.3
Wyoming,2017,2068,-5.7,237.5,1.1,1830.4,-6.5,2.6,45.4,13.1,176.4,275,1421,134.5,-24.2,77.2,30.2,-9.9,-9.1,-6.4,-1.6
Wyoming,2018,1997.3,-3.4,212.2,-10.7,1785.1,-2.5,2.3,42.1,17.3,150.6,264,1375.9,145.2,-13.1,-7.4,31.9,-14.6,-4,-3.2,8
Wyoming,2019,1788.5,-10.5,217.4,2.4,1571.1,-12,2.2,56,11.6,147.6,241.2,1206.7,123.2,-0.2,33.1,-33.1,-2,-8.6,-12.3,-15.2
